month,department_code,department_name,staffed_bed_days,occupied_bed_days,occupancy_rate,gap_to_target,peak_ward_occupancy,share_ward_days_ge_85,share_ward_days_ge_95,rank_in_month,mom_change_pp
2025-01,ICU,Intensive Care,2666,2867,1.0754,0.2754,2.8,0.6323,0.6194,1,
2025-01,MED,General Medicine,12141,11488,0.9462,0.0462,2.0,0.6559,0.4581,2,
2025-01,PAED,Paediatrics,2511,2193,0.8734,0.1234,2.0,0.478,0.4399,3,
2025-01,CARD,Cardiology,3131,2689,0.8588,0.0088,1.8571,0.5484,0.3754,4,
2025-01,ORTH,Trauma & Orthopaedics,3937,3347,0.8501,0.0001,2.5,0.4667,0.3763,5,
2025-01,ONC,Oncology,2635,2211,0.8391,-0.0109,2.0,0.4106,0.3548,6,
2025-01,SURG,General Surgery,6944,5572,0.8024,-0.0476,1.7143,0.4043,0.2366,7,
2025-01,MAT,Maternity,3410,2351,0.6894,-0.0606,2.25,0.2946,0.2022,8,
2025-02,ICU,Intensive Care,2408,2251,0.9348,0.1348,2.6,0.5071,0.469,1,-14.06
2025-02,MED,General Medicine,11088,10227,0.9223,0.0223,1.4615,0.6429,0.4333,2,-2.39
2025-02,ORTH,Trauma & Orthopaedics,3556,3092,0.8695,0.0195,2.0,0.4452,0.3405,3,1.94
2025-02,PAED,Paediatrics,2268,1903,0.8391,0.0891,2.0,0.4091,0.3701,4,-3.43
2025-02,CARD,Cardiology,2828,2358,0.8338,-0.0162,1.625,0.4773,0.3279,5,-2.5
2025-02,SURG,General Surgery,6272,5088,0.8112,-0.0388,1.5,0.4167,0.2238,6,0.88
2025-02,ONC,Oncology,2380,1889,0.7937,-0.0563,1.6667,0.3701,0.3052,7,-4.54
2025-02,MAT,Maternity,3080,2217,0.7198,-0.0302,2.0,0.2929,0.1881,8,3.04
2025-03,MED,General Medicine,12249,11052,0.9023,0.0023,1.52,0.6237,0.4215,1,-2.01
2025-03,ICU,Intensive Care,2666,2396,0.8987,0.0987,2.5,0.5441,0.4925,2,-3.61
2025-03,PAED,Paediatrics,2511,2203,0.8773,0.1273,2.1667,0.4604,0.4135,3,3.83
2025-03,SURG,General Surgery,6944,6061,0.8728,0.0228,2.0,0.5204,0.357,4,6.16
2025-03,CARD,Cardiology,3131,2695,0.8607,0.0107,1.8571,0.5279,0.3578,5,2.69
2025-03,ORTH,Trauma & Orthopaedics,3937,3363,0.8542,0.0042,1.6667,0.4731,0.3505,6,-1.53
2025-03,ONC,Oncology,2635,2223,0.8436,-0.0064,2.0,0.4633,0.4252,7,4.99
2025-03,MAT,Maternity,3410,2501,0.7334,-0.0166,1.75,0.3591,0.2473,8,1.36
2025-04,MED,General Medicine,11070,11048,0.998,0.098,1.6923,0.74,0.6067,1,9.57
2025-04,ONC,Oncology,2550,2449,0.9604,0.1104,2.3333,0.5788,0.5061,2,11.67
2025-04,ICU,Intensive Care,2580,2338,0.9062,0.1062,2.4,0.5289,0.4889,3,0.75
2025-04,SURG,General Surgery,6720,5711,0.8499,-0.0001,2.3333,0.4711,0.3267,4,-2.3
2025-04,CARD,Cardiology,3030,2544,0.8396,-0.0104,1.7143,0.4879,0.3515,5,-2.11
2025-04,PAED,Paediatrics,2430,1985,0.8169,0.0669,2.0,0.3909,0.3455,6,-6.05
2025-04,ORTH,Trauma & Orthopaedics,3810,2820,0.7402,-0.1098,1.5556,0.3044,0.2378,7,-11.4
2025-04,MAT,Maternity,3300,2154,0.6527,-0.0973,1.75,0.2822,0.1733,8,-8.07
2025-05,MED,General Medicine,11439,10840,0.9476,0.0476,1.6154,0.6946,0.5075,1,-5.04
2025-05,ONC,Oncology,2635,2464,0.9351,0.0851,2.3333,0.5484,0.478,2,-2.53
2025-05,ORTH,Trauma & Orthopaedics,3937,3378,0.858,0.008,2.25,0.4774,0.3828,3,11.79
2025-05,ICU,Intensive Care,2666,2273,0.8526,0.0526,1.8,0.4839,0.4387,4,-5.36
2025-05,SURG,General Surgery,6944,5835,0.8403,-0.0097,1.7143,0.4796,0.2925,5,-0.96
2025-05,CARD,Cardiology,3131,2487,0.7943,-0.0557,1.7143,0.4809,0.3109,6,-4.53
2025-05,MAT,Maternity,3410,2429,0.7123,-0.0377,1.7143,0.3226,0.2194,7,5.96
2025-05,PAED,Paediatrics,2511,1608,0.6404,-0.1096,2.3333,0.173,0.1349,8,-17.65
2025-06,MED,General Medicine,11070,9913,0.8955,-0.0045,1.5455,0.56,0.3933,1,-5.22
2025-06,ORTH,Trauma & Orthopaedics,3810,3192,0.8378,-0.0122,2.25,0.4244,0.3111,2,-2.02
2025-06,ONC,Oncology,2550,2063,0.809,-0.041,1.7143,0.3667,0.3091,3,-12.61
2025-06,SURG,General Surgery,6575,5315,0.8084,-0.0416,1.8333,0.4311,0.2911,4,-3.19
2025-06,ICU,Intensive Care,2580,2075,0.8043,0.0043,2.0,0.3711,0.3444,5,-4.83
2025-06,CARD,Cardiology,3030,2317,0.7647,-0.0853,1.7143,0.4394,0.297,6,-2.96
2025-06,MAT,Maternity,3300,2479,0.7512,0.0012,2.2,0.38,0.2822,7,3.89
2025-06,PAED,Paediatrics,2430,1668,0.6864,-0.0636,1.7143,0.2455,0.1667,8,4.6
2025-07,SURG,General Surgery,6634,5777,0.8708,0.0208,1.7143,0.4903,0.3462,1,6.25
2025-07,MED,General Medicine,11439,9882,0.8639,-0.0361,1.5,0.486,0.2946,2,-3.16
2025-07,ORTH,Trauma & Orthopaedics,3937,3319,0.843,-0.007,2.1111,0.4581,0.3505,3,0.52
2025-07,ONC,Oncology,2635,2182,0.8281,-0.0219,1.8182,0.3548,0.305,4,1.91
2025-07,CARD,Cardiology,3131,2469,0.7886,-0.0614,1.7143,0.4194,0.2845,5,2.39
2025-07,MAT,Maternity,3410,2496,0.732,-0.018,1.875,0.3398,0.2495,6,-1.92
2025-07,ICU,Intensive Care,2666,1886,0.7074,-0.0926,1.75,0.2645,0.243,7,-9.68
2025-07,PAED,Paediatrics,2511,1674,0.6667,-0.0833,1.8333,0.2375,0.1935,8,-1.98
2025-08,MED,General Medicine,11439,9971,0.8717,-0.0283,2.0,0.5484,0.3613,1,0.78
2025-08,CARD,Cardiology,3131,2702,0.863,0.013,1.75,0.4897,0.3226,2,7.44
2025-08,ORTH,Trauma & Orthopaedics,3937,3214,0.8164,-0.0336,1.75,0.4258,0.3247,3,-2.67
2025-08,SURG,General Surgery,6704,5352,0.7983,-0.0517,1.5714,0.3871,0.271,4,-7.25
2025-08,ICU,Intensive Care,2666,2119,0.7948,-0.0052,2.0,0.3935,0.3699,5,8.74
2025-08,MAT,Maternity,3410,2379,0.6977,-0.0523,1.75,0.3183,0.2172,6,-3.43
2025-08,ONC,Oncology,2635,1835,0.6964,-0.1536,1.6667,0.2698,0.2287,7,-13.17
2025-08,PAED,Paediatrics,2511,1647,0.6559,-0.0941,1.8333,0.1935,0.1584,8,-1.08
2025-09,MED,General Medicine,11070,10396,0.9391,0.0391,1.5385,0.6911,0.5289,1,6.74
2025-09,ORTH,Trauma & Orthopaedics,3810,3356,0.8808,0.0308,2.0,0.5333,0.4111,2,6.45
2025-09,ICU,Intensive Care,2580,2247,0.8709,0.0709,1.75,0.44,0.3978,3,7.61
2025-09,SURG,General Surgery,6720,5630,0.8378,-0.0122,1.625,0.4644,0.3022,4,3.95
2025-09,CARD,Cardiology,3030,2443,0.8063,-0.0437,2.0,0.5273,0.2939,5,-5.67
2025-09,ONC,Oncology,2550,1954,0.7663,-0.0837,1.8333,0.3121,0.2364,6,6.99
2025-09,PAED,Paediatrics,2430,1739,0.7156,-0.0344,1.8333,0.303,0.2303,7,5.97
2025-09,MAT,Maternity,3300,2256,0.6836,-0.0664,1.75,0.2822,0.1889,8,-1.4
2025-10,MED,General Medicine,11439,10839,0.9475,0.0475,1.6154,0.6753,0.4753,1,0.84
2025-10,ORTH,Trauma & Orthopaedics,3937,3662,0.9301,0.0801,2.1111,0.5591,0.4624,2,4.93
2025-10,ONC,Oncology,2635,2247,0.8528,0.0028,2.1429,0.4633,0.4047,3,8.65
2025-10,SURG,General Surgery,6944,5890,0.8482,-0.0018,1.5333,0.486,0.314,4,1.04
2025-10,ICU,Intensive Care,2914,2173,0.7457,-0.0543,2.5,0.3892,0.3656,5,-12.52
2025-10,CARD,Cardiology,3131,2251,0.7189,-0.1311,1.5714,0.3666,0.217,6,-8.73
2025-10,MAT,Maternity,3410,2442,0.7161,-0.0339,1.7143,0.3312,0.2301,7,3.25
2025-10,PAED,Paediatrics,2511,1687,0.6718,-0.0782,1.6667,0.2727,0.217,8,-4.38
2025-11,MED,General Medicine,11070,10748,0.9709,0.0709,1.5,0.72,0.5178,1,2.34
2025-11,ONC,Oncology,2550,2403,0.9424,0.0924,1.8571,0.5152,0.4758,2,8.96
2025-11,ICU,Intensive Care,2820,2445,0.867,0.067,3.0,0.4711,0.4311,3,12.13
2025-11,ORTH,Trauma & Orthopaedics,3810,3300,0.8661,0.0161,2.25,0.5089,0.3911,4,-6.4
2025-11,SURG,General Surgery,6720,5687,0.8463,-0.0037,1.6429,0.4978,0.2711,5,-0.19
2025-11,CARD,Cardiology,3030,2506,0.8271,-0.0229,1.8571,0.5485,0.3182,6,10.81
2025-11,PAED,Paediatrics,2430,1985,0.8169,0.0669,1.8333,0.4091,0.3485,7,14.5
2025-11,MAT,Maternity,3300,2468,0.7479,-0.0021,2.0,0.3556,0.2578,8,3.17
2025-12,MED,General Medicine,12276,12027,0.9797,0.0797,2.0769,0.6989,0.5699,1,0.88
2025-12,CARD,Cardiology,3131,2860,0.9134,0.0634,1.8571,0.6188,0.4223,2,8.64
2025-12,PAED,Paediatrics,2511,2188,0.8714,0.1214,2.0,0.4604,0.4076,3,5.45
2025-12,ONC,Oncology,2635,2212,0.8395,-0.0105,2.1667,0.4076,0.349,4,-10.29
2025-12,ORTH,Trauma & Orthopaedics,3937,3251,0.8258,-0.0242,1.75,0.443,0.357,5,-4.04
2025-12,ICU,Intensive Care,2914,2357,0.8089,0.0089,2.5,0.3914,0.372,6,-5.82
2025-12,SURG,General Surgery,6944,5460,0.7863,-0.0637,1.8571,0.3699,0.2194,7,-6.0
2025-12,MAT,Maternity,3410,2160,0.6334,-0.1166,2.0,0.2129,0.1441,8,-11.44
