hospital,department_code,discharges,alos_days,median_los_days,p90_los_days,p90_to_mean_ratio,network_alos_days,network_p90_los_days,excess_bed_days,alos_rank_in_dept
NETWORK,CARD,7568,4.06,2.97,8.29,2.04,4.06,8.29,0.0,
QET,CARD,965,4.86,3.51,9.76,2.01,4.06,8.29,776.0,1.0
SAU,CARD,1079,4.31,3.21,8.92,2.07,4.06,8.29,275.0,2.0
PNT,CARD,1044,4.13,2.87,8.08,1.95,4.06,8.29,79.0,3.0
CLR,CARD,523,4.11,3.17,7.78,1.89,4.06,8.29,25.0,4.0
SDN,CARD,520,4.09,2.97,8.71,2.13,4.06,8.29,18.0,5.0
KMR,CARD,553,3.97,2.96,7.63,1.92,4.06,8.29,-49.0,6.0
RVG,CARD,541,3.87,2.98,7.69,1.99,4.06,8.29,-100.0,7.0
HBV,CARD,623,3.75,2.87,7.91,2.11,4.06,8.29,-194.0,8.0
EFG,CARD,542,3.71,2.79,7.32,1.97,4.06,8.29,-187.0,9.0
WBG,CARD,631,3.59,2.78,6.87,1.91,4.06,8.29,-297.0,10.0
TMS,CARD,547,3.42,2.55,7.37,2.15,4.06,8.29,-347.0,11.0
NETWORK,ICU,6944,4.0,2.95,8.02,2.01,4.0,8.02,0.0,
QET,ICU,738,4.45,3.32,8.92,2.0,4.0,8.02,333.0,1.0
SAU,ICU,823,4.4,3.22,8.91,2.03,4.0,8.02,330.0,2.0
CLR,ICU,297,4.24,3.13,8.81,2.08,4.0,8.02,73.0,3.0
KMR,ICU,377,4.12,3.02,8.84,2.15,4.0,8.02,46.0,4.0
RVG,ICU,443,3.98,2.92,7.7,1.93,4.0,8.02,-8.0,5.0
SDN,ICU,456,3.98,2.84,7.7,1.94,4.0,8.02,-10.0,6.0
WBG,ICU,445,3.98,2.99,7.74,1.95,4.0,8.02,-11.0,7.0
PNT,ICU,824,3.95,2.92,7.88,1.99,4.0,8.02,-38.0,8.0
BRK,ICU,341,3.95,2.99,8.56,2.17,4.0,8.02,-18.0,9.0
HBV,ICU,384,3.94,2.85,7.69,1.95,4.0,8.02,-25.0,10.0
EFG,ICU,405,3.9,2.83,8.01,2.05,4.0,8.02,-42.0,11.0
TMS,ICU,448,3.76,2.74,7.15,1.9,4.0,8.02,-109.0,12.0
MRC,ICU,314,3.69,2.83,7.69,2.08,4.0,8.02,-96.0,13.0
ASH,ICU,312,3.46,2.68,7.13,2.06,4.0,8.02,-167.0,14.0
SLC,ICU,337,3.24,2.4,6.44,1.99,4.0,8.02,-257.0,15.0
NETWORK,MAT,10568,2.77,2.29,5.16,1.87,2.77,5.16,0.0,
QET,MAT,1137,3.12,2.58,5.57,1.78,2.77,5.16,402.0,1.0
SDN,MAT,674,3.01,2.46,5.61,1.86,2.77,5.16,164.0,2.0
PNT,MAT,1092,2.93,2.45,5.27,1.8,2.77,5.16,180.0,3.0
SAU,MAT,1081,2.93,2.47,5.33,1.82,2.77,5.16,171.0,4.0
CLR,MAT,629,2.9,2.34,5.3,1.83,2.77,5.16,82.0,5.0
KMR,MAT,652,2.83,2.35,5.25,1.85,2.77,5.16,43.0,6.0
WBG,MAT,809,2.7,2.22,5.09,1.89,2.77,5.16,-54.0,7.0
HBV,MAT,816,2.7,2.26,4.74,1.76,2.77,5.16,-57.0,8.0
TMS,MAT,629,2.63,2.15,4.92,1.87,2.77,5.16,-89.0,9.0
RVG,MAT,695,2.61,2.18,5.03,1.93,2.77,5.16,-109.0,10.0
EFG,MAT,686,2.53,2.18,4.52,1.78,2.77,5.16,-160.0,11.0
MRC,MAT,498,2.49,2.15,4.74,1.91,2.77,5.16,-140.0,12.0
BRK,MAT,384,2.47,2.2,4.32,1.75,2.77,5.16,-116.0,13.0
ASH,MAT,373,2.45,1.95,4.42,1.8,2.77,5.16,-117.0,14.0
SLC,MAT,413,2.28,2.03,4.2,1.84,2.77,5.16,-202.0,15.0
NETWORK,MED,18665,6.9,4.9,14.09,2.04,6.9,14.09,0.0,
QET,MED,1965,7.82,5.56,15.8,2.02,6.9,14.09,1797.0,1.0
SAU,MED,2056,7.56,5.48,15.64,2.07,6.9,14.09,1352.0,2.0
SDN,MED,1169,7.26,5.02,14.91,2.05,6.9,14.09,414.0,3.0
PNT,MED,1967,7.14,4.98,15.71,2.2,6.9,14.09,474.0,4.0
CLR,MED,1127,6.89,4.97,14.02,2.03,6.9,14.09,-8.0,5.0
KMR,MED,1120,6.86,5.02,13.7,2.0,6.9,14.09,-48.0,6.0
WBG,MED,1317,6.67,4.83,13.04,1.96,6.9,14.09,-310.0,7.0
HBV,MED,1388,6.66,4.78,13.75,2.06,6.9,14.09,-336.0,8.0
RVG,MED,1250,6.65,4.58,13.79,2.07,6.9,14.09,-311.0,9.0
EFG,MED,1185,6.53,4.76,13.48,2.06,6.9,14.09,-437.0,10.0
TMS,MED,1215,6.44,4.61,12.83,1.99,6.9,14.09,-564.0,11.0
BRK,MED,675,6.34,4.73,13.19,2.08,6.9,14.09,-381.0,12.0
ASH,MED,704,6.24,4.57,12.85,2.06,6.9,14.09,-468.0,13.0
SLC,MED,759,6.17,4.43,12.53,2.03,6.9,14.09,-552.0,14.0
MRC,MED,768,6.09,4.6,12.52,2.06,6.9,14.09,-624.0,15.0
NETWORK,ONC,3543,7.41,5.25,15.26,2.06,7.41,15.26,0.0,
QET,ONC,483,8.02,5.97,15.05,1.88,7.41,15.26,295.0,1.0
PNT,ONC,472,7.82,5.41,15.96,2.04,7.41,15.26,193.0,2.0
SDN,ONC,204,7.8,5.18,17.18,2.2,7.41,15.26,78.0,3.0
SAU,ONC,494,7.67,5.68,15.53,2.02,7.41,15.26,127.0,4.0
CLR,ONC,277,7.64,5.31,15.64,2.05,7.41,15.26,63.0,5.0
KMR,ONC,256,7.56,5.17,15.89,2.1,7.41,15.26,38.0,6.0
HBV,ONC,341,7.07,5.11,14.01,1.98,7.41,15.26,-116.0,7.0
EFG,ONC,250,7.0,4.78,12.92,1.84,7.41,15.26,-102.0,8.0
RVG,ONC,225,6.98,4.92,15.56,2.23,7.41,15.26,-97.0,9.0
WBG,ONC,251,6.56,5.04,14.35,2.19,7.41,15.26,-214.0,10.0
TMS,ONC,290,6.5,5.06,12.82,1.97,7.41,15.26,-265.0,11.0
NETWORK,ORTH,7540,5.31,3.72,11.29,2.13,5.31,11.29,0.0,
SAU,ORTH,783,6.0,4.17,12.08,2.01,5.31,11.29,544.0,1.0
QET,ORTH,735,5.97,4.16,12.3,2.06,5.31,11.29,488.0,2.0
PNT,ORTH,684,5.63,3.95,12.32,2.19,5.31,11.29,216.0,3.0
SDN,ORTH,504,5.6,4.19,11.96,2.14,5.31,11.29,145.0,4.0
KMR,ORTH,453,5.37,3.87,11.03,2.05,5.31,11.29,28.0,5.0
HBV,ORTH,614,5.31,3.93,11.48,2.16,5.31,11.29,2.0,6.0
ASH,ORTH,239,5.16,3.4,10.93,2.12,5.31,11.29,-35.0,7.0
SLC,ORTH,232,5.15,3.96,10.49,2.04,5.31,11.29,-37.0,8.0
RVG,ORTH,570,5.11,3.54,11.75,2.3,5.31,11.29,-112.0,9.0
CLR,ORTH,461,5.1,3.7,10.71,2.1,5.31,11.29,-99.0,10.0
TMS,ORTH,575,4.95,3.56,10.56,2.13,5.31,11.29,-205.0,11.0
WBG,ORTH,570,4.93,3.38,10.79,2.19,5.31,11.29,-215.0,12.0
BRK,ORTH,234,4.76,3.27,11.57,2.43,5.31,11.29,-128.0,13.0
EFG,ORTH,575,4.65,3.24,10.04,2.16,5.31,11.29,-380.0,14.0
MRC,ORTH,311,4.62,3.18,9.52,2.06,5.31,11.29,-213.0,15.0
NETWORK,PAED,11129,2.07,1.63,4.02,1.94,2.07,4.02,0.0,
QET,PAED,1255,2.31,1.82,4.4,1.91,2.07,4.02,299.0,1.0
CLR,PAED,865,2.24,1.7,4.59,2.05,2.07,4.02,147.0,2.0
SAU,PAED,1486,2.24,1.78,4.3,1.92,2.07,4.02,250.0,3.0
SDN,PAED,857,2.17,1.69,4.29,1.98,2.07,4.02,86.0,4.0
KMR,PAED,842,2.07,1.61,4.03,1.94,2.07,4.02,5.0,5.0
PNT,PAED,1279,2.07,1.62,4.12,1.99,2.07,4.02,6.0,6.0
WBG,PAED,942,1.96,1.54,3.95,2.01,2.07,4.02,-101.0,7.0
HBV,PAED,1023,1.92,1.55,3.68,1.92,2.07,4.02,-156.0,8.0
RVG,PAED,861,1.91,1.52,3.76,1.97,2.07,4.02,-137.0,9.0
EFG,PAED,917,1.84,1.4,3.69,2.01,2.07,4.02,-210.0,10.0
TMS,PAED,802,1.83,1.46,3.5,1.91,2.07,4.02,-188.0,11.0
NETWORK,SURG,19181,3.63,2.52,7.33,2.02,3.63,7.33,0.0,
QET,SURG,2136,4.19,2.91,8.99,2.15,3.63,7.33,1193.0,1.0
SAU,SURG,2286,3.89,2.75,7.92,2.03,3.63,7.33,598.0,2.0
CLR,SURG,1086,3.82,2.8,7.37,1.93,3.63,7.33,206.0,3.0
SDN,SURG,1337,3.69,2.51,7.82,2.12,3.63,7.33,72.0,4.0
PNT,SURG,2137,3.67,2.63,7.23,1.97,3.63,7.33,79.0,5.0
KMR,SURG,1202,3.66,2.42,7.21,1.97,3.63,7.33,37.0,6.0
WBG,SURG,1345,3.6,2.61,7.28,2.02,3.63,7.33,-45.0,7.0
HBV,SURG,1451,3.55,2.35,7.34,2.07,3.63,7.33,-117.0,8.0
RVG,SURG,1270,3.44,2.55,7.01,2.04,3.63,7.33,-249.0,9.0
TMS,SURG,1294,3.37,2.39,7.27,2.16,3.63,7.33,-344.0,10.0
ASH,SURG,609,3.32,2.31,6.8,2.05,3.63,7.33,-191.0,11.0
MRC,SURG,614,3.26,2.29,6.47,1.98,3.63,7.33,-226.0,12.0
EFG,SURG,1300,3.26,2.27,6.52,2.0,3.63,7.33,-484.0,13.0
SLC,SURG,514,3.19,2.23,6.8,2.13,3.63,7.33,-227.0,14.0
BRK,SURG,600,3.13,2.27,6.26,2.0,3.63,7.33,-301.0,15.0
