hospital_code,week_start,attendances,avg_door_to_provider_min,p90_door_to_provider_min,avg_wait_4wk_moving_avg,week_on_week_change_min,change_vs_first_week_min,within_4h_rate,within_4h_4wk_moving_avg,lwbs_rate
ASH,2025-01-06,93,41.5,79.0,41.5,,0.0,0.8817,0.8817,0.0108
ASH,2025-01-13,118,39.4,79.0,40.4,-2.1,-2.1,0.9407,0.9112,0.0
ASH,2025-01-20,80,45.7,104.0,42.2,6.3,4.2,0.7875,0.87,0.0125
ASH,2025-01-27,98,27.9,56.0,38.6,-17.7,-13.5,0.949,0.8897,0.0
ASH,2025-02-03,61,22.8,49.0,33.9,-5.2,-18.7,0.918,0.8988,0.0164
ASH,2025-02-10,73,14.5,29.0,27.7,-8.3,-27.0,0.9178,0.8931,0.0
ASH,2025-02-17,73,12.4,22.0,19.4,-2.1,-29.1,0.9863,0.9428,0.0
ASH,2025-02-24,78,29.5,59.0,19.8,17.1,-12.0,0.9487,0.9427,0.0128
ASH,2025-03-03,106,75.6,163.0,33.0,46.1,34.1,0.6981,0.8877,0.0094
ASH,2025-03-10,83,29.4,57.0,36.7,-46.2,-12.1,0.9036,0.8842,0.0241
ASH,2025-03-17,93,40.1,99.0,43.7,10.8,-1.3,0.8172,0.8419,0.0108
ASH,2025-03-24,82,79.9,147.0,56.3,39.8,38.4,0.6341,0.7633,0.0488
ASH,2025-03-31,83,43.1,104.0,48.1,-36.8,1.6,0.8313,0.7966,0.0241
ASH,2025-04-07,74,22.1,44.0,46.3,-21.0,-19.4,0.8919,0.7936,0.027
ASH,2025-04-14,93,86.7,227.0,57.9,64.6,45.2,0.6022,0.7399,0.0323
ASH,2025-04-21,81,52.4,104.0,51.1,-34.4,10.9,0.8148,0.785,0.0123
ASH,2025-04-28,99,43.0,87.0,51.0,-9.4,1.5,0.8384,0.7868,0.0
ASH,2025-05-05,91,31.5,58.0,53.4,-11.5,-10.0,0.9231,0.7946,0.011
ASH,2025-05-12,101,52.6,108.0,44.9,21.1,11.1,0.7327,0.8272,0.0099
ASH,2025-05-19,89,34.1,64.0,40.3,-18.5,-7.4,0.9326,0.8567,0.0112
ASH,2025-05-26,80,33.0,62.0,37.8,-1.0,-8.5,0.9375,0.8815,0.0
ASH,2025-06-02,83,29.8,61.0,37.4,-3.2,-11.7,0.9157,0.8796,0.0
ASH,2025-06-09,70,39.0,84.0,34.0,9.2,-2.5,0.8857,0.9179,0.0143
ASH,2025-06-16,98,41.8,85.0,35.9,2.8,0.3,0.8776,0.9041,0.0
ASH,2025-06-23,100,48.8,91.0,39.9,7.0,7.3,0.82,0.8747,0.01
ASH,2025-06-30,83,45.2,81.0,43.7,-3.7,3.7,0.8675,0.8627,0.0482
ASH,2025-07-07,64,29.6,63.0,41.4,-15.5,-11.8,0.9375,0.8756,0.0
ASH,2025-07-14,78,43.7,83.0,41.8,14.0,2.2,0.8077,0.8582,0.0256
ASH,2025-07-21,80,26.2,51.0,36.2,-17.5,-15.3,0.9625,0.8938,0.0125
ASH,2025-07-28,82,53.9,113.0,38.3,27.6,12.4,0.8415,0.8873,0.0244
ASH,2025-08-04,65,41.8,78.0,41.4,-12.1,0.3,0.8,0.8529,0.0154
ASH,2025-08-11,107,50.0,113.0,43.0,8.2,8.5,0.8411,0.8613,0.028
ASH,2025-08-18,100,80.0,166.0,56.4,29.9,38.5,0.73,0.8031,0.03
ASH,2025-08-25,110,96.9,206.0,67.2,16.9,55.4,0.5182,0.7223,0.0455
ASH,2025-09-01,97,77.3,139.0,76.1,-19.5,35.9,0.7113,0.7002,0.0103
ASH,2025-09-08,75,37.5,67.0,72.9,-39.9,-4.0,0.8933,0.7132,0.0133
ASH,2025-09-15,94,39.9,72.0,62.9,2.5,-1.6,0.883,0.7515,0.0
ASH,2025-09-22,87,52.3,101.0,51.8,12.3,10.8,0.8276,0.8288,0.0
ASH,2025-09-29,85,83.5,181.0,53.3,31.2,42.0,0.5412,0.7863,0.0353
ASH,2025-10-06,87,46.5,90.0,55.5,-37.0,5.0,0.8966,0.7871,0.0345
ASH,2025-10-13,85,30.7,69.0,53.2,-15.8,-10.8,0.9059,0.7928,0.0118
ASH,2025-10-20,80,25.3,54.0,46.5,-5.4,-16.2,0.9625,0.8265,0.0
ASH,2025-10-27,72,25.6,53.0,32.0,0.3,-15.9,0.9583,0.9308,0.0
ASH,2025-11-03,87,39.5,86.0,30.3,14.0,-2.0,0.8391,0.9164,0.0
ASH,2025-11-10,95,42.2,85.0,33.1,2.7,0.7,0.9053,0.9163,0.0105
ASH,2025-11-17,84,52.9,115.0,40.1,10.7,11.5,0.7024,0.8513,0.0
ASH,2025-11-24,86,39.7,76.0,43.6,-13.3,-1.8,0.8488,0.8239,0.0116
ASH,2025-12-01,80,35.6,61.0,42.6,-4.0,-5.9,0.9125,0.8422,0.0125
ASH,2025-12-08,107,25.1,50.0,38.3,-10.5,-16.3,0.9626,0.8566,0.0093
ASH,2025-12-15,81,102.3,268.0,50.7,77.1,60.8,0.6296,0.8384,0.0617
ASH,2025-12-22,108,66.2,131.0,57.3,-36.0,24.7,0.7778,0.8206,0.0185
BRK,2025-01-06,96,85.7,172.0,85.7,,0.0,0.6667,0.6667,0.0417
BRK,2025-01-13,99,88.7,181.0,87.2,3.0,3.0,0.7273,0.697,0.0303
BRK,2025-01-20,102,32.7,71.0,69.0,-55.9,-53.0,0.9608,0.7849,0.0098
BRK,2025-01-27,88,55.8,110.0,65.7,23.0,-29.9,0.8523,0.8017,0.0
BRK,2025-02-03,93,39.2,78.0,54.1,-16.5,-46.5,0.9032,0.8609,0.0108
BRK,2025-02-10,103,63.7,153.0,47.9,24.5,-22.0,0.8058,0.8805,0.0097
BRK,2025-02-17,70,53.4,109.0,53.0,-10.3,-32.3,0.8429,0.851,0.0143
BRK,2025-02-24,98,46.0,87.0,50.6,-7.5,-39.7,0.8469,0.8497,0.0102
BRK,2025-03-03,92,41.1,76.0,51.0,-4.9,-44.6,0.8804,0.844,0.0109
BRK,2025-03-10,87,79.5,167.0,55.0,38.4,-6.2,0.6437,0.8035,0.023
BRK,2025-03-17,96,54.8,97.0,55.3,-24.7,-30.9,0.7917,0.7907,0.0208
BRK,2025-03-24,75,45.1,98.0,55.1,-9.7,-40.6,0.8533,0.7923,0.0267
BRK,2025-03-31,89,46.8,89.0,56.6,1.7,-38.9,0.8539,0.7857,0.0112
BRK,2025-04-07,76,62.3,153.0,52.3,15.5,-23.4,0.8289,0.832,0.0263
BRK,2025-04-14,90,61.1,118.0,53.8,-1.1,-24.6,0.8111,0.8368,0.0
BRK,2025-04-21,81,37.1,72.0,51.8,-24.0,-48.6,0.963,0.8642,0.0247
BRK,2025-04-28,78,33.9,72.0,48.6,-3.2,-51.8,0.9231,0.8815,0.0256
BRK,2025-05-05,83,29.4,60.0,40.4,-4.5,-56.3,0.8916,0.8972,0.012
BRK,2025-05-12,73,33.4,69.0,33.5,3.9,-52.4,0.9726,0.9376,0.0
BRK,2025-05-19,65,37.3,56.0,33.5,3.9,-48.4,0.8769,0.916,0.0154
BRK,2025-05-26,82,35.8,65.0,34.0,-1.5,-49.9,0.939,0.92,0.0
BRK,2025-06-02,78,39.3,83.0,36.4,3.5,-46.4,0.9231,0.9279,0.0
BRK,2025-06-09,67,23.8,47.0,34.0,-15.4,-61.9,0.9403,0.9198,0.0149
BRK,2025-06-16,87,43.8,85.0,35.7,20.0,-41.9,0.8506,0.9132,0.0
BRK,2025-06-23,81,111.8,272.0,54.7,68.0,26.1,0.6173,0.8328,0.037
BRK,2025-06-30,77,48.0,110.0,56.9,-63.9,-37.7,0.8052,0.8033,0.013
BRK,2025-07-07,85,41.2,77.0,61.2,-6.8,-44.5,0.9412,0.8036,0.0235
BRK,2025-07-14,76,29.7,56.0,57.7,-11.4,-56.0,0.9211,0.8212,0.0132
BRK,2025-07-21,71,33.2,61.0,38.0,3.5,-52.5,0.9155,0.8957,0.0141
BRK,2025-07-28,73,24.6,46.0,32.2,-8.6,-61.1,0.9589,0.9342,0.0274
BRK,2025-08-04,68,18.0,37.0,26.4,-6.6,-67.7,0.9706,0.9415,0.0
BRK,2025-08-11,65,16.9,33.0,23.2,-1.1,-68.8,0.9846,0.9574,0.0154
BRK,2025-08-18,75,34.4,72.0,23.5,17.5,-51.3,0.9467,0.9652,0.0
BRK,2025-08-25,77,40.2,99.0,27.4,5.7,-45.6,0.9091,0.9527,0.0
BRK,2025-09-01,101,39.0,86.0,32.6,-1.1,-46.7,0.8614,0.9254,0.0099
BRK,2025-09-08,94,85.6,183.0,49.8,46.6,-0.1,0.5426,0.8149,0.0213
BRK,2025-09-15,98,74.5,174.0,59.8,-11.1,-11.2,0.7551,0.767,0.0
BRK,2025-09-22,68,51.7,100.0,62.7,-22.8,-34.0,0.7647,0.7309,0.0294
BRK,2025-09-29,73,43.0,82.0,63.7,-8.7,-42.7,0.8767,0.7348,0.0137
BRK,2025-10-06,64,44.8,99.0,53.5,1.7,-40.9,0.9219,0.8296,0.0
BRK,2025-10-13,76,33.2,62.0,43.2,-11.6,-52.5,0.8158,0.8448,0.0
BRK,2025-10-20,75,37.7,83.0,39.7,4.5,-48.0,0.8933,0.8769,0.0
BRK,2025-10-27,76,37.4,68.0,38.3,-0.3,-48.3,0.9211,0.888,0.0132
BRK,2025-11-03,84,73.2,140.0,45.4,35.8,-12.5,0.6548,0.8212,0.0238
BRK,2025-11-10,101,48.4,103.0,49.2,-24.8,-37.3,0.8911,0.8401,0.0198
BRK,2025-11-17,86,54.1,119.0,53.3,5.7,-31.6,0.8605,0.8318,0.0116
BRK,2025-11-24,100,41.5,79.0,54.3,-12.7,-44.3,0.87,0.8191,0.0
BRK,2025-12-01,108,79.9,207.0,56.0,38.5,-5.8,0.6852,0.8267,0.0
BRK,2025-12-08,100,183.9,350.0,89.9,104.0,98.2,0.34,0.6889,0.04
BRK,2025-12-15,94,87.2,169.0,98.1,-96.8,1.5,0.6702,0.6413,0.0213
BRK,2025-12-22,96,42.0,87.0,98.3,-45.2,-43.7,0.8646,0.64,0.0104
CLR,2025-01-06,249,81.7,174.0,81.7,,0.0,0.7269,0.7269,0.0442
CLR,2025-01-13,226,81.3,144.0,81.5,-0.4,-0.4,0.6549,0.6909,0.0354
CLR,2025-01-20,207,71.8,142.0,78.3,-9.5,-9.9,0.7053,0.6957,0.029
CLR,2025-01-27,197,45.4,97.0,70.1,-26.4,-36.3,0.8477,0.7337,0.0152
CLR,2025-02-03,202,49.6,95.0,62.0,4.2,-32.2,0.8465,0.7636,0.0347
CLR,2025-02-10,199,36.2,78.0,50.7,-13.4,-45.6,0.8945,0.8235,0.0101
CLR,2025-02-17,214,61.3,109.0,48.1,25.1,-20.4,0.8178,0.8516,0.014
CLR,2025-02-24,221,77.1,152.0,56.0,15.8,-4.6,0.6697,0.8071,0.0362
CLR,2025-03-03,223,80.1,141.0,63.7,3.0,-1.6,0.6906,0.7681,0.0269
CLR,2025-03-10,200,67.4,132.0,71.5,-12.8,-14.4,0.805,0.7458,0.03
CLR,2025-03-17,200,88.5,182.0,78.3,21.2,6.8,0.665,0.7076,0.03
CLR,2025-03-24,197,63.8,127.0,75.0,-24.7,-17.9,0.7868,0.7368,0.0355
CLR,2025-03-31,198,48.1,97.0,67.0,-15.7,-33.6,0.9091,0.7915,0.0253
CLR,2025-04-07,191,62.5,124.0,65.7,14.4,-19.2,0.7749,0.7839,0.0105
CLR,2025-04-14,202,63.8,118.0,59.6,1.3,-17.9,0.8119,0.8207,0.0495
CLR,2025-04-21,199,88.8,182.0,65.8,25.0,7.1,0.6734,0.7923,0.0302
CLR,2025-04-28,191,50.4,93.0,66.4,-38.4,-31.3,0.8534,0.7784,0.0209
CLR,2025-05-05,171,69.1,138.0,68.0,18.7,-12.6,0.6667,0.7513,0.0468
CLR,2025-05-12,192,59.3,125.0,66.9,-9.8,-22.4,0.776,0.7424,0.0417
CLR,2025-05-19,179,51.2,99.0,57.5,-8.1,-30.5,0.8603,0.7891,0.0168
CLR,2025-05-26,196,42.5,86.0,55.6,-8.7,-39.2,0.8878,0.7977,0.0
CLR,2025-06-02,217,53.1,106.0,51.6,10.6,-28.6,0.8433,0.8419,0.0138
CLR,2025-06-09,222,75.2,158.0,55.5,22.1,-6.5,0.6847,0.819,0.027
CLR,2025-06-16,213,89.8,179.0,65.2,14.6,8.1,0.6432,0.7647,0.0376
CLR,2025-06-23,201,87.2,182.0,76.3,-2.6,5.5,0.6716,0.7107,0.0249
CLR,2025-06-30,188,79.0,155.0,82.8,-8.2,-2.7,0.6809,0.6701,0.0213
CLR,2025-07-07,175,58.2,105.0,78.5,-20.8,-23.5,0.8629,0.7146,0.0114
CLR,2025-07-14,175,53.7,105.0,69.5,-4.5,-28.0,0.8171,0.7581,0.0171
CLR,2025-07-21,163,47.4,100.0,59.6,-6.2,-34.3,0.865,0.8065,0.0123
CLR,2025-07-28,160,58.3,114.0,54.4,10.8,-23.4,0.8125,0.8394,0.0187
CLR,2025-08-04,161,33.3,61.0,48.2,-25.0,-48.4,0.9317,0.8566,0.0062
CLR,2025-08-11,194,41.6,86.0,45.2,8.3,-40.1,0.9124,0.8804,0.0155
CLR,2025-08-18,189,52.5,103.0,46.4,10.9,-29.2,0.8889,0.8864,0.0106
CLR,2025-08-25,190,56.5,125.0,46.0,4.0,-25.2,0.8158,0.8872,0.0263
CLR,2025-09-01,223,69.2,132.0,54.9,12.7,-12.6,0.7085,0.8314,0.0045
CLR,2025-09-08,227,92.7,177.0,67.7,23.5,11.0,0.5947,0.752,0.0705
CLR,2025-09-15,184,71.8,133.0,72.5,-20.9,-9.9,0.7228,0.7105,0.0435
CLR,2025-09-22,203,63.9,125.0,74.4,-8.0,-17.9,0.7586,0.6962,0.0099
CLR,2025-09-29,206,69.3,136.0,74.4,5.4,-12.4,0.6893,0.6914,0.0146
CLR,2025-10-06,230,92.9,182.0,74.5,23.6,11.2,0.6478,0.7046,0.0522
CLR,2025-10-13,204,58.3,102.0,71.1,-34.6,-23.5,0.8627,0.7396,0.0294
CLR,2025-10-20,218,48.2,94.0,67.2,-10.0,-33.5,0.8761,0.769,0.0183
CLR,2025-10-27,219,66.0,138.0,66.3,17.8,-15.7,0.7626,0.7873,0.0228
CLR,2025-11-03,199,56.8,104.0,57.3,-9.3,-25.0,0.8291,0.8326,0.0302
CLR,2025-11-10,243,81.2,164.0,63.1,24.5,-0.5,0.7037,0.7929,0.0329
CLR,2025-11-17,208,57.3,103.0,65.3,-23.9,-24.4,0.7644,0.765,0.0288
CLR,2025-11-24,249,75.7,158.0,67.7,18.4,-6.0,0.7349,0.7581,0.0201
CLR,2025-12-01,238,59.5,123.0,68.4,-16.2,-22.2,0.7773,0.7451,0.021
CLR,2025-12-08,243,107.7,215.0,75.0,48.2,26.0,0.5556,0.7081,0.0658
CLR,2025-12-15,236,55.1,102.0,74.5,-52.6,-26.6,0.822,0.7225,0.0254
CLR,2025-12-22,203,44.4,87.0,66.7,-10.6,-37.3,0.9015,0.7641,0.0
EFG,2025-01-06,260,46.1,94.0,46.1,,0.0,0.8385,0.8385,0.0192
EFG,2025-01-13,231,53.0,106.0,49.5,6.9,6.9,0.8398,0.8391,0.026
EFG,2025-01-20,212,44.5,96.0,47.9,-8.5,-1.6,0.9151,0.8645,0.0047
EFG,2025-01-27,213,37.7,75.0,45.3,-6.7,-8.4,0.9061,0.8749,0.0188
EFG,2025-02-03,236,61.3,125.0,49.1,23.6,15.3,0.7839,0.8612,0.0042
EFG,2025-02-10,247,39.7,73.0,45.8,-21.7,-6.4,0.9312,0.8841,0.0081
EFG,2025-02-17,228,39.6,76.0,44.6,-0.1,-6.5,0.8991,0.8801,0.0044
EFG,2025-02-24,233,51.9,117.0,48.1,12.3,5.8,0.8155,0.8574,0.0043
EFG,2025-03-03,220,38.3,74.0,42.4,-13.5,-7.7,0.9091,0.8887,0.0
EFG,2025-03-10,223,50.6,100.0,45.1,12.3,4.6,0.8475,0.8678,0.0179
EFG,2025-03-17,247,53.7,111.0,48.6,3.1,7.6,0.7733,0.8363,0.0243
EFG,2025-03-24,215,47.6,98.0,47.6,-6.1,1.5,0.8233,0.8383,0.0233
EFG,2025-03-31,259,54.8,116.0,51.7,7.2,8.8,0.8031,0.8118,0.0463
EFG,2025-04-07,256,63.9,109.0,55.0,9.0,17.8,0.7695,0.7923,0.0195
EFG,2025-04-14,205,42.9,83.0,52.3,-21.0,-3.1,0.839,0.8087,0.0
EFG,2025-04-21,183,26.9,50.0,47.1,-16.1,-19.2,0.9672,0.8447,0.0109
EFG,2025-04-28,198,37.9,86.0,42.9,11.0,-8.2,0.9242,0.875,0.0051
EFG,2025-05-05,198,44.5,87.0,38.0,6.6,-1.6,0.8384,0.8922,0.0101
EFG,2025-05-12,214,50.0,97.0,39.8,5.5,3.9,0.8411,0.8927,0.0
EFG,2025-05-19,216,38.3,78.0,42.7,-11.7,-7.8,0.9259,0.8824,0.0093
EFG,2025-05-26,194,37.7,73.0,42.6,-0.6,-8.4,0.8711,0.8691,0.0052
EFG,2025-06-02,204,35.9,74.0,40.5,-1.8,-10.2,0.9412,0.8948,0.0147
EFG,2025-06-09,196,41.5,88.0,38.4,5.6,-4.6,0.8622,0.9001,0.0255
EFG,2025-06-16,203,29.8,53.0,36.2,-11.7,-16.2,0.931,0.9014,0.0
EFG,2025-06-23,221,22.8,43.0,32.5,-7.0,-23.3,0.9412,0.9189,0.0136
EFG,2025-06-30,212,38.3,86.0,33.1,15.5,-7.8,0.8726,0.9018,0.0236
EFG,2025-07-07,238,61.0,117.0,38.0,22.7,14.9,0.7689,0.8784,0.0126
EFG,2025-07-14,209,27.2,55.0,37.3,-33.8,-18.9,0.9474,0.8825,0.0048
EFG,2025-07-21,242,33.9,62.0,40.1,6.7,-12.2,0.9215,0.8776,0.0165
EFG,2025-07-28,200,38.8,80.0,40.2,4.9,-7.3,0.84,0.8694,0.0
EFG,2025-08-04,224,39.3,80.0,34.8,0.6,-6.7,0.8884,0.8993,0.0
EFG,2025-08-11,200,60.5,125.0,43.1,21.1,14.4,0.75,0.85,0.01
EFG,2025-08-18,193,40.9,87.0,44.9,-19.6,-5.2,0.9016,0.845,0.0104
EFG,2025-08-25,224,43.0,86.0,45.9,2.1,-3.1,0.8884,0.8571,0.0089
EFG,2025-09-01,211,24.9,51.0,42.3,-18.1,-21.2,0.9479,0.872,0.0
EFG,2025-09-08,238,35.9,69.0,36.2,11.0,-10.2,0.9202,0.9145,0.0042
EFG,2025-09-15,229,37.1,77.0,35.2,1.2,-9.0,0.9127,0.9173,0.0218
EFG,2025-09-22,226,33.5,58.0,32.8,-3.6,-12.6,0.8982,0.9197,0.0133
EFG,2025-09-29,217,35.9,66.0,35.6,2.4,-10.2,0.894,0.9063,0.0138
EFG,2025-10-06,216,41.6,78.0,37.0,5.7,-4.5,0.9028,0.9019,0.0
EFG,2025-10-13,235,50.6,101.0,40.4,9.0,4.5,0.8043,0.8748,0.0085
EFG,2025-10-20,221,46.6,96.0,43.7,-4.0,0.5,0.8371,0.8595,0.009
EFG,2025-10-27,252,63.9,132.0,50.6,17.3,17.8,0.7421,0.8216,0.0198
EFG,2025-11-03,235,47.3,86.0,52.1,-16.6,1.2,0.8851,0.8171,0.0468
EFG,2025-11-10,235,31.4,61.0,47.3,-15.9,-14.7,0.9574,0.8554,0.017
EFG,2025-11-17,248,32.5,67.0,43.8,1.1,-13.6,0.9153,0.875,0.0081
EFG,2025-11-24,236,61.2,112.0,43.1,28.7,15.1,0.7712,0.8823,0.0254
EFG,2025-12-01,241,65.0,117.0,47.5,3.8,18.9,0.7967,0.8602,0.029
EFG,2025-12-08,246,67.3,129.0,56.5,2.3,21.2,0.7358,0.8047,0.0244
EFG,2025-12-15,256,45.8,93.0,59.8,-21.5,-0.3,0.8867,0.7976,0.0195
EFG,2025-12-22,251,32.6,68.0,52.7,-13.2,-13.5,0.9243,0.8359,0.0159
HBV,2025-01-06,265,47.8,89.0,47.8,,0.0,0.8717,0.8717,0.0113
HBV,2025-01-13,287,57.1,105.0,52.4,9.3,9.3,0.8328,0.8522,0.0105
HBV,2025-01-20,266,71.8,143.0,58.9,14.8,24.1,0.7368,0.8138,0.0226
HBV,2025-01-27,282,95.4,175.0,68.0,23.5,47.6,0.5922,0.7584,0.0426
HBV,2025-02-03,275,63.1,120.0,71.8,-32.3,15.3,0.8073,0.7423,0.0182
HBV,2025-02-10,242,48.1,94.0,69.6,-15.0,0.3,0.8347,0.7428,0.0248
HBV,2025-02-17,257,52.9,101.0,64.9,4.9,5.2,0.8482,0.7706,0.0117
HBV,2025-02-24,277,41.6,83.0,51.4,-11.4,-6.2,0.8917,0.8455,0.0108
HBV,2025-03-03,258,68.5,153.0,52.8,26.9,20.7,0.7791,0.8384,0.0271
HBV,2025-03-10,244,69.6,136.0,58.1,1.2,21.9,0.7377,0.8142,0.0082
HBV,2025-03-17,239,50.5,90.0,57.5,-19.1,2.7,0.8745,0.8207,0.0084
HBV,2025-03-24,268,54.4,99.0,60.7,3.9,6.6,0.8955,0.8217,0.0261
HBV,2025-03-31,282,70.3,145.0,61.2,15.9,22.5,0.773,0.8202,0.0106
HBV,2025-04-07,252,76.4,155.0,62.9,6.1,28.7,0.7619,0.8262,0.0317
HBV,2025-04-14,240,82.3,166.0,70.8,5.8,34.5,0.7083,0.7847,0.0292
HBV,2025-04-21,250,67.8,128.0,74.2,-14.5,20.0,0.792,0.7588,0.036
HBV,2025-04-28,259,54.8,100.0,70.3,-13.0,7.0,0.8842,0.7866,0.0193
HBV,2025-05-05,291,66.5,130.0,67.8,11.7,18.7,0.7801,0.7911,0.0172
HBV,2025-05-12,248,66.8,135.0,64.0,0.3,19.1,0.7944,0.8126,0.0444
HBV,2025-05-19,265,113.0,222.0,75.3,46.2,65.2,0.517,0.7439,0.0566
HBV,2025-05-26,232,50.8,98.0,74.3,-62.2,3.1,0.8966,0.747,0.0043
HBV,2025-06-02,237,42.2,92.0,68.2,-8.6,-5.5,0.8481,0.764,0.0127
HBV,2025-06-09,267,45.6,83.0,62.9,3.3,-2.2,0.8202,0.7705,0.0187
HBV,2025-06-16,282,44.0,95.0,45.7,-1.6,-3.8,0.8333,0.8496,0.0071
HBV,2025-06-23,270,68.4,136.0,50.1,24.4,20.6,0.6593,0.7902,0.0111
HBV,2025-06-30,242,87.2,174.0,61.3,18.8,39.5,0.5702,0.7208,0.0331
HBV,2025-07-07,220,36.8,75.0,59.1,-50.4,-11.0,0.8636,0.7316,0.0045
HBV,2025-07-14,249,18.5,32.0,52.7,-18.3,-29.3,0.9598,0.7632,0.004
HBV,2025-07-21,242,20.7,42.0,40.8,2.3,-27.0,0.9545,0.8371,0.0
HBV,2025-07-28,262,34.9,67.0,27.7,14.2,-12.9,0.8969,0.9187,0.0153
HBV,2025-08-04,262,44.0,81.0,29.5,9.1,-3.7,0.8244,0.9089,0.0153
HBV,2025-08-11,247,45.3,83.0,36.2,1.3,-2.5,0.8057,0.8704,0.0081
HBV,2025-08-18,232,32.2,64.0,39.1,-13.1,-15.6,0.9224,0.8624,0.0216
HBV,2025-08-25,266,37.4,69.0,39.7,5.2,-10.4,0.8759,0.8571,0.0113
HBV,2025-09-01,293,47.4,95.0,40.6,10.0,-0.4,0.802,0.8515,0.0205
HBV,2025-09-08,262,40.0,73.0,39.2,-7.3,-7.7,0.8817,0.8705,0.0191
HBV,2025-09-15,293,43.3,86.0,42.0,3.3,-4.4,0.785,0.8362,0.0102
HBV,2025-09-22,259,29.5,53.0,40.1,-13.8,-18.3,0.9151,0.8459,0.0077
HBV,2025-09-29,252,23.8,45.0,34.2,-5.7,-24.0,0.9325,0.8786,0.004
HBV,2025-10-06,216,44.8,90.0,35.3,21.0,-3.0,0.7824,0.8537,0.0046
HBV,2025-10-13,241,36.6,73.0,33.7,-8.2,-11.1,0.8797,0.8774,0.0124
HBV,2025-10-20,256,52.9,98.0,39.5,16.3,5.2,0.7656,0.8401,0.0039
HBV,2025-10-27,274,50.3,98.0,46.2,-2.6,2.5,0.7883,0.804,0.0219
HBV,2025-11-03,288,78.8,162.0,54.7,28.5,31.0,0.5486,0.7456,0.0278
HBV,2025-11-10,277,47.3,87.0,57.3,-31.4,-0.4,0.8267,0.7323,0.0253
HBV,2025-11-17,277,38.2,70.0,53.7,-9.1,-9.6,0.8484,0.753,0.0
HBV,2025-11-24,274,31.5,62.0,49.0,-6.7,-16.3,0.9124,0.784,0.0255
HBV,2025-12-01,258,31.5,65.0,37.1,-0.0,-16.3,0.9109,0.8746,0.0078
HBV,2025-12-08,281,25.6,51.0,31.7,-5.9,-22.2,0.9431,0.9037,0.0071
HBV,2025-12-15,303,37.2,76.0,31.4,11.6,-10.6,0.868,0.9086,0.0198
HBV,2025-12-22,290,40.6,84.0,33.7,3.4,-7.2,0.8552,0.8943,0.0172
KMR,2025-01-06,268,79.9,157.0,79.9,,0.0,0.6791,0.6791,0.0448
KMR,2025-01-13,251,107.0,202.0,93.5,27.1,27.1,0.5378,0.6085,0.0558
KMR,2025-01-20,253,97.7,186.0,94.9,-9.3,17.8,0.5534,0.5901,0.0791
KMR,2025-01-27,213,60.3,126.0,86.2,-37.4,-19.6,0.7606,0.6327,0.0235
KMR,2025-02-03,241,78.7,156.0,85.9,18.4,-1.2,0.6432,0.6237,0.0498
KMR,2025-02-10,246,78.4,150.0,78.8,-0.3,-1.5,0.6951,0.663,0.0203
KMR,2025-02-17,264,78.9,175.0,74.1,0.5,-1.0,0.6477,0.6866,0.0417
KMR,2025-02-24,232,70.8,145.0,76.7,-8.1,-9.1,0.7414,0.6818,0.0302
KMR,2025-03-03,228,31.4,60.0,64.9,-39.4,-48.5,0.9386,0.7557,0.0044
KMR,2025-03-10,228,45.5,91.0,56.7,14.1,-34.4,0.8553,0.7957,0.0132
KMR,2025-03-17,209,38.6,75.0,46.6,-7.0,-41.3,0.89,0.8563,0.0
KMR,2025-03-24,218,47.6,86.0,40.8,9.0,-32.3,0.8394,0.8808,0.0183
KMR,2025-03-31,219,62.0,125.0,48.4,14.4,-17.9,0.7626,0.8368,0.0091
KMR,2025-04-07,211,56.9,108.0,51.3,-5.1,-23.0,0.7962,0.822,0.019
KMR,2025-04-14,204,47.1,83.0,53.4,-9.8,-32.8,0.8922,0.8226,0.0147
KMR,2025-04-21,196,36.8,69.0,50.7,-10.3,-43.1,0.9337,0.8461,0.0051
KMR,2025-04-28,191,34.6,69.0,43.9,-2.3,-45.3,0.911,0.8833,0.0052
KMR,2025-05-05,207,48.6,96.0,41.8,14.0,-31.3,0.8744,0.9028,0.0145
KMR,2025-05-12,195,42.4,84.0,40.6,-6.2,-37.5,0.9026,0.9054,0.0051
KMR,2025-05-19,208,34.7,69.0,40.1,-7.8,-45.3,0.9279,0.904,0.0048
KMR,2025-05-26,234,34.7,69.0,40.1,0.0,-45.2,0.9359,0.9102,0.0043
KMR,2025-06-02,229,51.3,109.0,40.8,16.6,-28.6,0.8253,0.8979,0.0131
KMR,2025-06-09,198,70.6,134.0,47.8,19.3,-9.3,0.7071,0.849,0.0505
KMR,2025-06-16,199,60.4,116.0,54.2,-10.2,-19.5,0.7789,0.8118,0.0201
KMR,2025-06-23,183,43.2,80.0,56.4,-17.2,-36.7,0.8907,0.8005,0.0219
KMR,2025-06-30,186,38.4,79.0,53.2,-4.8,-41.5,0.8602,0.8092,0.0108
KMR,2025-07-07,208,39.3,72.0,45.3,0.9,-40.6,0.9231,0.8632,0.0144
KMR,2025-07-14,175,35.1,74.0,39.0,-4.2,-44.8,0.9429,0.9042,0.0
KMR,2025-07-21,187,39.2,74.0,38.0,4.1,-40.7,0.8984,0.9061,0.016
KMR,2025-07-28,203,54.5,112.0,42.0,15.3,-25.4,0.8374,0.9004,0.0197
KMR,2025-08-04,202,39.4,78.0,42.0,-15.1,-40.5,0.8812,0.89,0.0347
KMR,2025-08-11,218,45.1,90.0,44.5,5.7,-34.9,0.8899,0.8767,0.0046
KMR,2025-08-18,191,29.9,58.0,42.2,-15.1,-50.0,0.9319,0.8851,0.0052
KMR,2025-08-25,206,46.7,96.0,40.3,16.8,-33.2,0.8398,0.8857,0.0097
KMR,2025-09-01,204,70.5,143.0,48.0,23.7,-9.4,0.75,0.8529,0.0343
KMR,2025-09-08,186,62.3,117.0,52.3,-8.2,-17.6,0.8387,0.8401,0.0108
KMR,2025-09-15,229,77.7,167.0,64.3,15.4,-2.2,0.69,0.7796,0.0349
KMR,2025-09-22,203,85.7,159.0,74.0,8.0,5.8,0.6847,0.7408,0.0296
KMR,2025-09-29,215,63.6,131.0,72.3,-22.2,-16.3,0.7721,0.7464,0.0
KMR,2025-10-06,217,47.4,96.0,68.6,-16.2,-32.5,0.8433,0.7475,0.0138
KMR,2025-10-13,201,73.2,153.0,67.5,25.8,-6.7,0.7065,0.7517,0.0199
KMR,2025-10-20,172,40.7,84.0,56.2,-32.5,-39.3,0.8837,0.8014,0.0116
KMR,2025-10-27,183,48.9,99.0,52.5,8.2,-31.0,0.847,0.8201,0.0164
KMR,2025-11-03,177,52.7,102.0,53.9,3.9,-27.2,0.774,0.8028,0.0226
KMR,2025-11-10,216,53.4,103.0,48.9,0.7,-26.5,0.8102,0.8287,0.0139
KMR,2025-11-17,233,49.2,94.0,51.1,-4.2,-30.7,0.8498,0.8202,0.0086
KMR,2025-11-24,233,106.5,239.0,65.5,57.3,26.6,0.6094,0.7609,0.0515
KMR,2025-12-01,242,92.5,177.0,75.4,-14.0,12.6,0.5909,0.7151,0.0455
KMR,2025-12-08,242,71.1,139.0,79.8,-21.4,-8.8,0.7562,0.7016,0.0165
KMR,2025-12-15,251,75.0,144.0,86.3,3.8,-5.0,0.7092,0.6664,0.0199
KMR,2025-12-22,240,40.0,81.0,69.6,-35.0,-39.9,0.8833,0.7349,0.0042
MRC,2025-01-06,87,63.6,106.0,63.6,,0.0,0.7586,0.7586,0.023
MRC,2025-01-13,99,49.7,105.0,56.7,-13.9,-13.9,0.8586,0.8086,0.0
MRC,2025-01-20,98,61.1,127.0,58.2,11.4,-2.5,0.7653,0.7942,0.0408
MRC,2025-01-27,91,53.0,120.0,56.9,-8.1,-10.6,0.8462,0.8072,0.022
MRC,2025-02-03,98,30.5,58.0,48.6,-22.5,-33.1,0.898,0.842,0.0
MRC,2025-02-10,72,28.3,47.0,43.2,-2.2,-35.3,0.9167,0.8565,0.0
MRC,2025-02-17,64,19.3,37.0,32.8,-9.1,-44.4,0.9375,0.8996,0.0
MRC,2025-02-24,66,24.3,50.0,25.6,5.0,-39.4,0.9242,0.9191,0.0152
MRC,2025-03-03,98,80.2,166.0,38.0,55.9,16.5,0.6837,0.8655,0.0408
MRC,2025-03-10,99,45.3,96.0,42.3,-34.9,-18.3,0.8788,0.8561,0.0
MRC,2025-03-17,106,37.0,77.0,46.7,-8.3,-26.6,0.8962,0.8457,0.0189
MRC,2025-03-24,89,61.1,138.0,55.9,24.1,-2.5,0.7978,0.8141,0.0225
MRC,2025-03-31,93,39.6,89.0,45.8,-21.6,-24.1,0.8495,0.8556,0.0215
MRC,2025-04-07,91,36.4,94.0,43.5,-3.1,-27.2,0.8901,0.8584,0.022
MRC,2025-04-14,77,36.6,77.0,43.4,0.2,-27.0,0.8961,0.8584,0.0
MRC,2025-04-21,106,54.4,121.0,41.7,17.8,-9.3,0.8019,0.8594,0.0094
MRC,2025-04-28,97,52.0,110.0,44.9,-2.4,-11.6,0.8041,0.8481,0.0103
MRC,2025-05-05,104,44.7,85.0,46.9,-7.3,-18.9,0.8173,0.8299,0.0096
MRC,2025-05-12,101,38.0,80.0,47.3,-6.7,-25.7,0.9208,0.836,0.0
MRC,2025-05-19,74,48.8,105.0,45.9,10.9,-14.8,0.8378,0.845,0.027
MRC,2025-05-26,92,98.5,198.0,57.5,49.6,34.8,0.5761,0.788,0.0435
MRC,2025-06-02,88,55.5,102.0,60.2,-43.0,-8.2,0.75,0.7712,0.0455
MRC,2025-06-09,91,39.7,85.0,60.6,-15.8,-23.9,0.8132,0.7443,0.011
MRC,2025-06-16,83,48.3,84.0,60.5,8.6,-15.3,0.8434,0.7457,0.0
MRC,2025-06-23,107,62.0,109.0,51.4,13.7,-1.7,0.7009,0.7769,0.0093
MRC,2025-06-30,93,56.0,115.0,51.5,-6.0,-7.6,0.8817,0.8098,0.0323
MRC,2025-07-07,99,37.3,66.0,50.9,-18.7,-26.3,0.8586,0.8212,0.0202
MRC,2025-07-14,102,47.4,84.0,50.7,10.0,-16.3,0.8235,0.8162,0.0098
MRC,2025-07-21,111,37.0,79.0,44.4,-10.4,-26.7,0.8559,0.8549,0.009
MRC,2025-07-28,109,64.7,139.0,46.6,27.7,1.1,0.789,0.8317,0.0092
MRC,2025-08-04,88,28.9,50.0,44.5,-35.8,-34.7,0.9205,0.8472,0.0
MRC,2025-08-11,102,25.9,51.0,39.1,-3.1,-37.8,0.9412,0.8766,0.0
MRC,2025-08-18,85,33.0,67.0,38.1,7.1,-30.7,0.8941,0.8862,0.0
MRC,2025-08-25,88,25.0,54.0,28.2,-8.0,-38.6,0.8977,0.9134,0.0
MRC,2025-09-01,72,26.9,58.0,27.7,1.9,-36.7,0.9861,0.9298,0.0139
MRC,2025-09-08,71,34.2,61.0,29.8,7.3,-29.4,0.9014,0.9198,0.0
MRC,2025-09-15,73,29.3,53.0,28.9,-4.9,-34.4,0.9315,0.9292,0.0137
MRC,2025-09-22,86,36.0,71.0,31.6,6.7,-27.7,0.8837,0.9257,0.0116
MRC,2025-09-29,75,47.1,92.0,36.6,11.1,-16.6,0.96,0.9192,0.0
MRC,2025-10-06,70,25.4,53.0,34.4,-21.7,-38.2,0.9857,0.9402,0.0
MRC,2025-10-13,82,27.3,51.0,34.0,1.9,-36.3,0.9634,0.9482,0.0
MRC,2025-10-20,71,30.3,51.0,32.5,3.0,-33.3,0.8873,0.9491,0.0141
MRC,2025-10-27,84,26.0,51.0,27.3,-4.3,-37.6,0.9524,0.9472,0.0119
MRC,2025-11-03,106,56.0,132.0,34.9,30.0,-7.7,0.7547,0.8895,0.0189
MRC,2025-11-10,108,57.0,109.0,42.3,1.0,-6.7,0.7963,0.8477,0.0185
MRC,2025-11-17,107,53.6,98.0,48.1,-3.3,-10.0,0.785,0.8221,0.0187
MRC,2025-11-24,84,45.0,80.0,52.9,-8.7,-18.7,0.8333,0.7923,0.0357
MRC,2025-12-01,126,50.8,106.0,51.6,5.8,-12.9,0.7778,0.7981,0.0159
MRC,2025-12-08,92,43.2,71.0,48.1,-7.6,-20.5,0.837,0.8083,0.0217
MRC,2025-12-15,90,34.4,55.0,43.3,-8.8,-29.2,0.9222,0.8426,0.0
MRC,2025-12-22,97,42.9,94.0,42.8,8.5,-20.8,0.8351,0.843,0.0
PNT,2025-01-06,383,48.2,93.0,48.2,,0.0,0.8799,0.8799,0.0078
PNT,2025-01-13,410,60.1,111.0,54.2,11.9,11.9,0.7707,0.8253,0.022
PNT,2025-01-20,353,60.7,118.0,56.3,0.5,12.5,0.8159,0.8222,0.0255
PNT,2025-01-27,347,51.8,99.0,55.2,-8.8,3.6,0.8213,0.822,0.0202
PNT,2025-02-03,371,40.1,82.0,53.2,-11.8,-8.1,0.9245,0.8331,0.0135
PNT,2025-02-10,374,44.1,88.0,49.2,4.0,-4.1,0.8717,0.8583,0.008
PNT,2025-02-17,368,54.0,114.0,47.5,9.9,5.8,0.8424,0.865,0.019
PNT,2025-02-24,385,66.4,125.0,51.2,12.4,18.2,0.7896,0.857,0.0364
PNT,2025-03-03,464,68.7,138.0,58.3,2.3,20.5,0.7435,0.8118,0.0388
PNT,2025-03-10,408,61.4,132.0,62.6,-7.3,13.2,0.7819,0.7893,0.0172
PNT,2025-03-17,388,44.7,90.0,60.3,-16.7,-3.5,0.8918,0.8017,0.0232
PNT,2025-03-24,402,40.9,78.0,53.9,-3.9,-7.3,0.893,0.8275,0.01
PNT,2025-03-31,392,57.8,110.0,51.2,16.9,9.6,0.7959,0.8406,0.0204
PNT,2025-04-07,353,48.5,92.0,48.0,-9.3,0.3,0.8782,0.8647,0.0312
PNT,2025-04-14,352,54.9,99.0,50.5,6.4,6.7,0.8352,0.8506,0.0114
PNT,2025-04-21,377,65.0,128.0,56.6,10.0,16.8,0.7851,0.8236,0.0292
PNT,2025-04-28,347,53.8,109.0,55.6,-11.1,5.6,0.8386,0.8343,0.0115
PNT,2025-05-05,338,46.4,92.0,55.0,-7.4,-1.8,0.8787,0.8344,0.0148
PNT,2025-05-12,345,55.4,107.0,55.2,9.0,7.2,0.8754,0.8445,0.0261
PNT,2025-05-19,319,64.8,121.0,55.1,9.4,16.6,0.7806,0.8433,0.0188
PNT,2025-05-26,363,49.0,102.0,53.9,-15.8,0.8,0.8623,0.8492,0.0138
PNT,2025-06-02,337,41.2,78.0,52.6,-7.9,-7.0,0.8961,0.8536,0.0089
PNT,2025-06-09,348,52.7,104.0,51.9,11.6,4.5,0.8506,0.8474,0.0201
PNT,2025-06-16,340,45.4,85.0,47.1,-7.3,-2.8,0.8853,0.8736,0.0088
PNT,2025-06-23,325,65.4,131.0,51.2,20.0,17.2,0.76,0.848,0.0185
PNT,2025-06-30,336,49.7,91.0,53.3,-15.8,1.5,0.8601,0.839,0.0238
PNT,2025-07-07,342,55.9,113.0,54.1,6.2,7.7,0.8275,0.8332,0.0088
PNT,2025-07-14,355,72.0,143.0,60.8,16.1,23.8,0.7352,0.7957,0.0197
PNT,2025-07-21,381,75.3,150.0,63.2,3.3,27.1,0.6877,0.7776,0.0131
PNT,2025-07-28,386,63.4,123.0,66.7,-11.9,15.2,0.7694,0.7549,0.0078
PNT,2025-08-04,329,63.0,118.0,68.4,-0.4,14.8,0.769,0.7403,0.0213
PNT,2025-08-11,384,57.0,120.0,64.7,-6.0,8.8,0.7995,0.7564,0.0208
PNT,2025-08-18,371,50.1,90.0,58.4,-6.9,1.9,0.841,0.7947,0.0162
PNT,2025-08-25,355,64.7,128.0,58.7,14.6,16.5,0.8,0.8024,0.0254
PNT,2025-09-01,397,56.1,104.0,57.0,-8.6,7.9,0.7758,0.8041,0.0252
PNT,2025-09-08,377,71.8,143.0,60.7,15.7,23.6,0.7241,0.7852,0.0265
PNT,2025-09-15,356,55.1,107.0,61.9,-16.7,6.9,0.8455,0.7864,0.0112
PNT,2025-09-22,426,62.9,128.0,61.5,7.8,14.7,0.7746,0.78,0.0188
PNT,2025-09-29,365,46.1,84.0,59.0,-16.8,-2.1,0.8959,0.81,0.0164
PNT,2025-10-06,344,41.3,79.0,51.3,-4.8,-6.9,0.9128,0.8572,0.0087
PNT,2025-10-13,344,42.2,87.0,48.1,1.0,-6.0,0.907,0.8726,0.0174
PNT,2025-10-20,415,55.5,110.0,46.3,13.2,7.3,0.8458,0.8904,0.0337
PNT,2025-10-27,389,69.5,128.0,52.1,14.1,21.3,0.7738,0.8598,0.0257
PNT,2025-11-03,362,65.1,137.0,58.1,-4.5,16.9,0.7707,0.8243,0.011
PNT,2025-11-10,380,73.9,140.0,66.0,8.9,25.7,0.7921,0.7956,0.0342
PNT,2025-11-17,379,60.7,119.0,67.3,-13.2,12.5,0.7942,0.7827,0.0264
PNT,2025-11-24,399,69.2,138.0,67.2,8.5,21.0,0.7469,0.776,0.0125
PNT,2025-12-01,424,54.3,103.0,64.6,-14.9,6.1,0.8255,0.7897,0.0094
PNT,2025-12-08,399,75.2,159.0,64.9,20.9,27.0,0.7444,0.7777,0.0376
PNT,2025-12-15,423,66.8,128.0,66.4,-8.3,18.6,0.773,0.7724,0.0236
PNT,2025-12-22,406,39.3,75.0,58.9,-27.5,-8.9,0.899,0.8105,0.0074
QET,2025-01-06,368,73.8,142.0,73.8,,0.0,0.7255,0.7255,0.0245
QET,2025-01-13,335,69.3,149.0,71.5,-4.6,-4.6,0.7642,0.7449,0.0388
QET,2025-01-20,361,78.0,157.0,73.7,8.7,4.2,0.7368,0.7422,0.0249
QET,2025-01-27,379,63.9,121.0,71.3,-14.1,-9.9,0.7889,0.7539,0.0211
QET,2025-02-03,404,86.9,165.0,74.5,23.0,13.1,0.646,0.734,0.0371
QET,2025-02-10,427,108.2,216.0,84.3,21.3,34.4,0.5761,0.687,0.0562
QET,2025-02-17,419,68.8,140.0,82.0,-39.4,-5.1,0.7852,0.6991,0.0215
QET,2025-02-24,381,71.1,137.0,83.7,2.3,-2.8,0.7533,0.6902,0.0341
QET,2025-03-03,404,67.4,135.0,78.9,-3.7,-6.5,0.7871,0.7254,0.0248
QET,2025-03-10,389,89.0,173.0,74.1,21.7,15.2,0.6735,0.7498,0.0617
QET,2025-03-17,367,81.7,160.0,77.3,-7.3,7.9,0.673,0.7217,0.0327
QET,2025-03-24,404,91.5,192.0,82.4,9.8,17.6,0.6683,0.7005,0.0446
QET,2025-03-31,403,111.2,225.0,93.4,19.8,37.4,0.5707,0.6464,0.0447
QET,2025-04-07,412,88.3,175.0,93.2,-23.0,14.4,0.6796,0.6479,0.0388
QET,2025-04-14,399,80.6,152.0,92.9,-7.6,6.8,0.6942,0.6532,0.0351
QET,2025-04-21,350,75.1,144.0,88.8,-5.5,1.3,0.7857,0.6826,0.0171
QET,2025-04-28,364,86.4,173.0,82.6,11.3,12.6,0.7198,0.7198,0.0247
QET,2025-05-05,377,76.3,142.0,79.6,-10.1,2.5,0.7082,0.727,0.0398
QET,2025-05-12,354,75.8,147.0,78.4,-0.5,1.9,0.7203,0.7335,0.0424
QET,2025-05-19,392,89.6,170.0,82.0,13.9,15.8,0.5969,0.6863,0.0306
QET,2025-05-26,331,64.3,118.0,76.5,-25.3,-9.5,0.8036,0.7073,0.0181
QET,2025-06-02,352,95.1,184.0,81.2,30.8,21.3,0.6136,0.6836,0.0455
QET,2025-06-09,337,64.2,132.0,78.3,-30.9,-9.6,0.8249,0.7098,0.0267
QET,2025-06-16,302,51.9,99.0,68.9,-12.3,-22.0,0.8742,0.7791,0.0066
QET,2025-06-23,364,66.4,135.0,69.4,14.5,-7.4,0.8159,0.7822,0.022
QET,2025-06-30,366,83.1,157.0,66.4,16.7,9.3,0.6721,0.7968,0.0328
QET,2025-07-07,365,74.8,148.0,69.0,-8.3,1.0,0.7151,0.7693,0.0301
QET,2025-07-14,366,73.7,139.0,74.5,-1.1,-0.1,0.7951,0.7496,0.0246
QET,2025-07-21,394,74.0,142.0,76.4,0.2,0.2,0.7614,0.7359,0.0381
QET,2025-07-28,355,91.4,177.0,78.5,17.4,17.5,0.6423,0.7285,0.0423
QET,2025-08-04,370,61.4,121.0,75.1,-30.0,-12.5,0.827,0.7564,0.0081
QET,2025-08-11,350,61.3,126.0,72.0,-0.1,-12.5,0.7914,0.7555,0.0343
QET,2025-08-18,380,81.9,157.0,74.0,20.6,8.1,0.6947,0.7389,0.0342
QET,2025-08-25,338,46.9,87.0,62.9,-35.0,-26.9,0.9053,0.8046,0.0237
QET,2025-09-01,335,56.4,109.0,61.6,9.5,-17.4,0.8299,0.8053,0.0179
QET,2025-09-08,335,64.6,128.0,62.5,8.2,-9.2,0.7821,0.803,0.0239
QET,2025-09-15,326,59.4,118.0,56.8,-5.2,-14.4,0.8497,0.8417,0.0153
QET,2025-09-22,371,63.7,124.0,61.0,4.3,-10.1,0.7655,0.8068,0.0135
QET,2025-09-29,363,95.0,188.0,70.7,31.3,21.2,0.6336,0.7577,0.0496
QET,2025-10-06,358,85.1,160.0,75.8,-9.8,11.3,0.7402,0.7473,0.0307
QET,2025-10-13,341,61.2,110.0,76.3,-23.9,-12.6,0.8299,0.7423,0.0264
QET,2025-10-20,335,66.7,127.0,77.0,5.4,-7.2,0.797,0.7502,0.0269
QET,2025-10-27,370,97.1,197.0,77.5,30.4,23.2,0.6162,0.7458,0.0595
QET,2025-11-03,380,66.4,135.0,72.8,-30.7,-7.4,0.7895,0.7582,0.0105
QET,2025-11-10,398,92.2,189.0,80.6,25.9,18.4,0.6709,0.7184,0.0477
QET,2025-11-17,409,71.8,142.0,81.9,-20.4,-2.0,0.7531,0.7074,0.0171
QET,2025-11-24,388,97.6,191.0,82.0,25.7,23.7,0.6237,0.7093,0.0438
QET,2025-12-01,364,146.6,299.0,102.1,49.0,72.8,0.3901,0.6094,0.0769
QET,2025-12-08,411,83.4,169.0,99.8,-63.3,9.5,0.6715,0.6096,0.0365
QET,2025-12-15,376,72.6,143.0,100.0,-10.7,-1.2,0.7048,0.5975,0.0426
QET,2025-12-22,387,73.4,153.0,94.0,0.8,-0.4,0.7235,0.6225,0.031
RVG,2025-01-06,250,41.0,85.0,41.0,,0.0,0.9,0.9,0.024
RVG,2025-01-13,256,58.7,122.0,49.9,17.7,17.7,0.8359,0.868,0.0313
RVG,2025-01-20,257,53.5,110.0,51.1,-5.2,12.5,0.8093,0.8484,0.0272
RVG,2025-01-27,247,74.1,146.0,56.8,20.6,33.1,0.7328,0.8195,0.0243
RVG,2025-02-03,217,36.2,71.0,55.6,-37.9,-4.8,0.8986,0.8192,0.0092
RVG,2025-02-10,228,43.0,80.0,51.7,6.8,2.0,0.864,0.8262,0.0132
RVG,2025-02-17,242,58.0,123.0,52.8,15.1,17.0,0.8099,0.8263,0.0124
RVG,2025-02-24,217,48.7,99.0,46.5,-9.3,7.7,0.8756,0.862,0.0184
RVG,2025-03-03,238,28.7,56.0,44.6,-20.0,-12.3,0.9538,0.8758,0.0168
RVG,2025-03-10,249,44.0,83.0,44.8,15.3,3.0,0.8996,0.8847,0.008
RVG,2025-03-17,240,88.8,183.0,52.5,44.8,47.8,0.7333,0.8656,0.025
RVG,2025-03-24,260,88.8,185.0,62.6,0.1,47.8,0.6346,0.8053,0.0769
RVG,2025-03-31,254,72.5,142.0,73.5,-16.3,31.5,0.6732,0.7352,0.0039
RVG,2025-04-07,232,55.0,114.0,76.3,-17.6,14.0,0.8362,0.7193,0.0129
RVG,2025-04-14,249,47.0,86.0,65.8,-8.0,6.0,0.8835,0.7569,0.012
RVG,2025-04-21,234,44.5,89.0,54.7,-2.5,3.5,0.8419,0.8087,0.0085
RVG,2025-04-28,218,53.6,106.0,50.0,9.1,12.6,0.8165,0.8445,0.0138
RVG,2025-05-05,244,45.4,95.0,47.6,-8.2,4.4,0.8607,0.8506,0.0287
RVG,2025-05-12,209,46.9,93.0,47.6,1.4,5.9,0.866,0.8463,0.0239
RVG,2025-05-19,245,39.1,71.0,46.2,-7.7,-1.9,0.898,0.8603,0.0163
RVG,2025-05-26,249,38.7,76.0,42.5,-0.4,-2.3,0.9157,0.8851,0.012
RVG,2025-06-02,241,51.2,109.0,44.0,12.5,10.2,0.8755,0.8888,0.0166
RVG,2025-06-09,242,50.6,105.0,44.9,-0.7,9.6,0.8802,0.8923,0.0124
RVG,2025-06-16,218,44.8,93.0,46.3,-5.8,3.8,0.8486,0.88,0.0
RVG,2025-06-23,216,38.7,77.0,46.3,-6.1,-2.3,0.8796,0.871,0.0231
RVG,2025-06-30,268,68.8,133.0,50.7,30.1,27.8,0.694,0.8256,0.0261
RVG,2025-07-07,221,49.8,96.0,50.5,-19.0,8.8,0.81,0.8081,0.0271
RVG,2025-07-14,212,41.1,77.0,49.6,-8.8,0.1,0.8679,0.8129,0.0047
RVG,2025-07-21,228,43.5,89.0,50.8,2.4,2.5,0.8772,0.8123,0.0088
RVG,2025-07-28,231,55.0,108.0,47.4,11.5,14.0,0.8355,0.8476,0.0173
RVG,2025-08-04,209,43.8,95.0,45.9,-11.2,2.8,0.8756,0.8641,0.0048
RVG,2025-08-11,213,31.7,59.0,43.5,-12.1,-9.3,0.9343,0.8806,0.0094
RVG,2025-08-18,199,40.6,84.0,42.8,8.9,-0.4,0.8744,0.8799,0.0151
RVG,2025-08-25,210,37.5,76.0,38.4,-3.1,-3.5,0.919,0.9008,0.019
RVG,2025-09-01,210,45.9,88.0,38.9,8.4,4.9,0.8571,0.8962,0.0095
RVG,2025-09-08,236,60.9,133.0,46.2,15.0,19.9,0.7966,0.8618,0.0297
RVG,2025-09-15,237,34.4,62.0,44.7,-26.5,-6.6,0.9198,0.8732,0.0084
RVG,2025-09-22,242,65.3,122.0,51.6,30.9,24.3,0.7231,0.8242,0.0083
RVG,2025-09-29,240,66.3,131.0,56.7,1.0,25.3,0.775,0.8036,0.025
RVG,2025-10-06,218,33.4,65.0,49.9,-32.9,-7.6,0.9495,0.8419,0.0
RVG,2025-10-13,238,43.1,90.0,52.0,9.8,2.1,0.895,0.8357,0.0084
RVG,2025-10-20,243,59.8,123.0,50.7,16.7,18.8,0.7243,0.8359,0.0165
RVG,2025-10-27,245,71.1,145.0,51.9,11.3,30.1,0.751,0.8299,0.0449
RVG,2025-11-03,226,44.1,86.0,54.5,-27.1,3.1,0.8761,0.8116,0.0133
RVG,2025-11-10,247,55.2,110.0,57.6,11.1,14.2,0.7814,0.7832,0.0283
RVG,2025-11-17,238,67.6,128.0,59.5,12.4,26.6,0.7941,0.8007,0.0252
RVG,2025-11-24,267,75.4,143.0,60.6,7.8,34.4,0.6742,0.7814,0.0225
RVG,2025-12-01,268,100.9,188.0,74.8,25.5,59.9,0.6157,0.7163,0.0448
RVG,2025-12-08,280,85.6,168.0,82.4,-15.3,44.6,0.7071,0.6978,0.0286
RVG,2025-12-15,285,94.6,191.0,89.1,9.1,53.6,0.5579,0.6387,0.0702
RVG,2025-12-22,261,61.1,124.0,85.5,-33.5,20.1,0.7778,0.6646,0.0115
SAU,2025-01-06,445,86.7,173.0,86.7,,0.0,0.6584,0.6584,0.036
SAU,2025-01-13,435,84.6,156.0,85.7,-2.0,-2.0,0.6391,0.6488,0.0299
SAU,2025-01-20,454,88.4,168.0,86.6,3.7,1.7,0.6894,0.6623,0.0396
SAU,2025-01-27,454,85.2,167.0,86.2,-3.2,-1.5,0.6278,0.6537,0.0507
SAU,2025-02-03,430,80.3,155.0,84.6,-4.9,-6.4,0.7093,0.6664,0.0302
SAU,2025-02-10,431,81.5,165.0,83.8,1.2,-5.2,0.6752,0.6754,0.0302
SAU,2025-02-17,425,98.3,186.0,86.3,16.8,11.6,0.5953,0.6519,0.0471
SAU,2025-02-24,451,90.2,171.0,87.6,-8.1,3.6,0.6408,0.6551,0.0355
SAU,2025-03-03,472,89.1,168.0,89.8,-1.1,2.4,0.6737,0.6462,0.0445
SAU,2025-03-10,439,64.2,122.0,85.5,-24.9,-22.5,0.7722,0.6705,0.0319
SAU,2025-03-17,437,66.9,129.0,77.6,2.7,-19.7,0.7689,0.7139,0.0275
SAU,2025-03-24,459,75.4,148.0,73.9,8.5,-11.2,0.695,0.7275,0.0218
SAU,2025-03-31,401,74.9,148.0,70.4,-0.5,-11.8,0.7481,0.7461,0.0424
SAU,2025-04-07,401,83.6,170.0,75.2,8.7,-3.0,0.6883,0.7251,0.0274
SAU,2025-04-14,379,63.8,121.0,74.4,-19.9,-22.9,0.7784,0.7274,0.0396
SAU,2025-04-21,370,75.6,140.0,74.5,11.8,-11.1,0.6946,0.7273,0.0243
SAU,2025-04-28,396,53.9,100.0,69.2,-21.7,-32.8,0.8485,0.7524,0.0227
SAU,2025-05-05,368,55.0,109.0,62.1,1.1,-31.7,0.856,0.7944,0.0163
SAU,2025-05-12,412,56.5,109.0,60.2,1.5,-30.2,0.8471,0.8115,0.0243
SAU,2025-05-19,394,72.9,141.0,59.6,16.4,-13.8,0.7183,0.8175,0.0355
SAU,2025-05-26,384,70.0,137.0,63.6,-3.0,-16.7,0.7188,0.785,0.0156
SAU,2025-06-02,386,75.2,138.0,68.6,5.2,-11.5,0.7021,0.7465,0.0207
SAU,2025-06-09,407,57.0,113.0,68.8,-18.2,-29.7,0.855,0.7485,0.0246
SAU,2025-06-16,387,53.6,102.0,64.0,-3.4,-33.1,0.8501,0.7815,0.031
SAU,2025-06-23,406,61.4,117.0,61.8,7.8,-25.3,0.8202,0.8069,0.0222
SAU,2025-06-30,418,54.3,101.0,56.6,-7.1,-32.4,0.8421,0.8419,0.0215
SAU,2025-07-07,413,49.6,98.0,54.7,-4.7,-37.1,0.8886,0.8503,0.0194
SAU,2025-07-14,408,70.6,135.0,59.0,21.0,-16.1,0.7377,0.8222,0.0196
SAU,2025-07-21,390,48.0,90.0,55.6,-22.6,-38.7,0.9128,0.8453,0.0051
SAU,2025-07-28,332,45.3,86.0,53.4,-2.7,-41.4,0.8946,0.8584,0.012
SAU,2025-08-04,341,51.4,93.0,53.8,6.1,-35.3,0.871,0.854,0.0205
SAU,2025-08-11,344,40.7,81.0,46.4,-10.7,-45.9,0.8983,0.8942,0.0116
SAU,2025-08-18,369,50.8,95.0,47.1,10.1,-35.8,0.8808,0.8861,0.0054
SAU,2025-08-25,403,69.4,134.0,53.1,18.6,-17.3,0.7767,0.8567,0.0471
SAU,2025-09-01,364,49.7,99.0,52.7,-19.7,-36.9,0.8709,0.8566,0.011
SAU,2025-09-08,373,64.1,125.0,58.5,14.3,-22.6,0.7748,0.8258,0.0241
SAU,2025-09-15,375,63.6,127.0,61.7,-0.5,-23.1,0.7947,0.8043,0.032
SAU,2025-09-22,376,50.7,92.0,57.0,-12.9,-36.0,0.8404,0.8202,0.0053
SAU,2025-09-29,379,46.5,93.0,56.2,-4.2,-40.2,0.8813,0.8228,0.0237
SAU,2025-10-06,342,55.5,105.0,54.1,9.0,-31.2,0.845,0.8403,0.0117
SAU,2025-10-13,391,43.1,83.0,49.0,-12.3,-43.5,0.9309,0.8744,0.0102
SAU,2025-10-20,386,47.4,89.0,48.1,4.3,-39.3,0.8627,0.88,0.0181
SAU,2025-10-27,394,63.0,121.0,52.3,15.6,-23.7,0.7766,0.8538,0.0228
SAU,2025-11-03,393,59.5,121.0,53.3,-3.5,-27.1,0.8473,0.8544,0.0178
SAU,2025-11-10,405,61.4,112.0,57.8,1.8,-25.3,0.8049,0.8229,0.0173
SAU,2025-11-17,388,75.9,152.0,65.0,14.5,-10.8,0.7062,0.7838,0.0515
SAU,2025-11-24,394,55.5,106.0,63.1,-20.4,-31.2,0.8426,0.8003,0.0051
SAU,2025-12-01,346,59.9,116.0,63.2,4.4,-26.8,0.8266,0.7951,0.0029
SAU,2025-12-08,448,62.3,111.0,63.4,2.4,-24.4,0.7991,0.7936,0.0112
SAU,2025-12-15,438,84.4,170.0,65.5,22.1,-2.3,0.6553,0.7809,0.0251
SAU,2025-12-22,411,57.0,106.0,65.9,-27.4,-29.7,0.8394,0.7801,0.0122
SDN,2025-01-06,248,60.7,113.0,60.7,,0.0,0.7863,0.7863,0.0282
SDN,2025-01-13,259,78.1,163.0,69.4,17.3,17.3,0.7297,0.758,0.0425
SDN,2025-01-20,247,90.6,166.0,76.5,12.5,29.8,0.6478,0.7213,0.0162
SDN,2025-01-27,254,63.2,137.0,73.1,-27.4,2.4,0.7953,0.7398,0.0276
SDN,2025-02-03,239,92.7,191.0,81.1,29.5,31.9,0.6444,0.7043,0.0335
SDN,2025-02-10,243,77.8,166.0,81.1,-14.9,17.0,0.7449,0.7081,0.0329
SDN,2025-02-17,224,45.2,91.0,69.7,-32.6,-15.5,0.8795,0.766,0.0089
SDN,2025-02-24,214,55.9,101.0,67.9,10.7,-4.9,0.8738,0.7856,0.014
SDN,2025-03-03,229,93.6,179.0,68.1,37.8,32.9,0.6245,0.7807,0.0349
SDN,2025-03-10,229,65.5,122.0,65.1,-28.1,4.8,0.7991,0.7942,0.0262
SDN,2025-03-17,250,58.4,108.0,68.4,-7.1,-2.4,0.808,0.7764,0.02
SDN,2025-03-24,242,58.3,113.0,69.0,-0.1,-2.4,0.8512,0.7707,0.0207
SDN,2025-03-31,285,94.5,196.0,69.2,36.2,33.8,0.5825,0.7602,0.0421
SDN,2025-04-07,258,71.7,145.0,70.7,-22.8,10.9,0.7829,0.7562,0.031
SDN,2025-04-14,282,62.9,125.0,71.9,-8.7,2.2,0.7447,0.7403,0.0248
SDN,2025-04-21,249,84.8,159.0,78.5,21.9,24.1,0.6386,0.6872,0.0321
SDN,2025-04-28,269,123.5,270.0,85.7,38.7,62.8,0.5167,0.6707,0.0483
SDN,2025-05-05,239,128.0,249.0,99.8,4.5,67.2,0.5439,0.611,0.0502
SDN,2025-05-12,242,90.4,182.0,106.7,-37.6,29.7,0.6777,0.5942,0.0496
SDN,2025-05-19,203,86.5,157.0,107.1,-3.9,25.8,0.7192,0.6144,0.0542
SDN,2025-05-26,204,73.8,147.0,94.7,-12.7,13.0,0.7157,0.6641,0.0245
SDN,2025-06-02,225,68.7,127.0,79.8,-5.1,7.9,0.8044,0.7293,0.0178
SDN,2025-06-09,215,48.3,100.0,69.3,-20.3,-12.4,0.8977,0.7843,0.014
SDN,2025-06-16,184,37.4,69.0,57.0,-10.9,-23.3,0.8859,0.8259,0.0054
SDN,2025-06-23,209,43.2,85.0,49.4,5.8,-17.5,0.8612,0.8623,0.0096
SDN,2025-06-30,199,40.3,77.0,42.3,-3.0,-20.5,0.9146,0.8898,0.0151
SDN,2025-07-07,215,45.4,90.0,41.6,5.1,-15.4,0.8884,0.8875,0.014
SDN,2025-07-14,251,83.3,179.0,53.0,37.9,22.5,0.6932,0.8394,0.0279
SDN,2025-07-21,227,69.6,140.0,59.6,-13.6,8.9,0.7093,0.8014,0.0485
SDN,2025-07-28,221,72.1,137.0,67.6,2.5,11.4,0.7919,0.7707,0.0317
SDN,2025-08-04,196,65.6,130.0,72.7,-6.6,4.8,0.8163,0.7527,0.0204
SDN,2025-08-11,196,53.6,119.0,65.2,-12.0,-7.2,0.8673,0.7962,0.0102
SDN,2025-08-18,216,38.3,73.0,57.4,-15.3,-22.5,0.9491,0.8562,0.0093
SDN,2025-08-25,198,50.6,95.0,52.0,12.3,-10.2,0.8434,0.869,0.0051
SDN,2025-09-01,191,51.8,103.0,48.5,1.2,-9.0,0.8377,0.8744,0.0157
SDN,2025-09-08,206,43.9,80.0,46.1,-7.9,-16.8,0.9175,0.8869,0.0049
SDN,2025-09-15,224,57.6,107.0,51.0,13.7,-3.1,0.8125,0.8528,0.0134
SDN,2025-09-22,210,53.0,106.0,51.6,-4.6,-7.8,0.8476,0.8538,0.0286
SDN,2025-09-29,226,49.3,90.0,50.9,-3.7,-11.5,0.9115,0.8723,0.0177
SDN,2025-10-06,230,61.6,135.0,55.4,12.3,0.9,0.7957,0.8418,0.0391
SDN,2025-10-13,224,79.3,180.0,60.8,17.7,18.6,0.7143,0.8173,0.0223
SDN,2025-10-20,263,67.3,147.0,64.4,-12.1,6.5,0.7909,0.8031,0.0266
SDN,2025-10-27,228,78.1,152.0,71.6,10.8,17.4,0.6886,0.7474,0.0132
SDN,2025-11-03,207,58.1,110.0,70.7,-20.0,-2.6,0.8357,0.7574,0.0048
SDN,2025-11-10,198,55.0,114.0,64.6,-3.1,-5.7,0.8737,0.7972,0.0101
SDN,2025-11-17,213,62.9,118.0,63.5,7.9,2.2,0.8216,0.8049,0.0047
SDN,2025-11-24,202,52.4,114.0,57.1,-10.5,-8.4,0.8614,0.8481,0.0099
SDN,2025-12-01,223,35.5,74.0,51.5,-16.9,-25.3,0.9372,0.8735,0.0224
SDN,2025-12-08,230,38.4,73.0,47.3,2.9,-22.4,0.8957,0.879,0.0087
SDN,2025-12-15,258,67.6,134.0,48.5,29.2,6.9,0.7326,0.8567,0.0233
SDN,2025-12-22,233,46.7,96.0,47.1,-20.9,-14.0,0.8455,0.8527,0.0086
SLC,2025-01-06,77,36.6,68.0,36.6,,0.0,0.8701,0.8701,0.013
SLC,2025-01-13,68,36.8,91.0,36.7,0.2,0.2,0.9265,0.8983,0.0147
SLC,2025-01-20,100,25.2,47.0,32.9,-11.7,-11.5,0.92,0.9055,0.01
SLC,2025-01-27,87,37.5,77.0,34.0,12.3,0.8,0.908,0.9062,0.0
SLC,2025-02-03,87,36.4,72.0,34.0,-1.0,-0.2,0.8736,0.907,0.0
SLC,2025-02-10,86,42.2,87.0,35.3,5.7,5.5,0.9186,0.9051,0.0
SLC,2025-02-17,95,49.4,104.0,41.4,7.3,12.8,0.7895,0.8724,0.0
SLC,2025-02-24,103,34.0,79.0,40.5,-15.4,-2.6,0.8738,0.8639,0.0
SLC,2025-03-03,90,36.1,62.0,40.4,2.1,-0.6,0.9222,0.876,0.0111
SLC,2025-03-10,90,48.1,106.0,41.9,12.0,11.5,0.8667,0.863,0.0111
SLC,2025-03-17,82,33.0,61.0,37.8,-15.1,-3.7,0.9634,0.9065,0.0122
SLC,2025-03-24,92,64.6,147.0,45.5,31.6,28.0,0.7283,0.8701,0.0109
SLC,2025-03-31,94,105.1,214.0,62.7,40.4,68.4,0.4362,0.7486,0.0213
SLC,2025-04-07,80,43.3,66.0,61.5,-61.8,6.6,0.8375,0.7413,0.0
SLC,2025-04-14,78,53.5,102.0,66.6,10.3,16.9,0.6923,0.6736,0.0256
SLC,2025-04-21,77,45.2,84.0,61.8,-8.3,8.6,0.8961,0.7155,0.013
SLC,2025-04-28,103,78.1,169.0,55.0,32.8,41.4,0.7087,0.7837,0.0388
SLC,2025-05-05,82,57.6,112.0,58.6,-20.5,21.0,0.8049,0.7755,0.0244
SLC,2025-05-12,85,78.0,175.0,64.7,20.4,41.3,0.6706,0.7701,0.0235
SLC,2025-05-19,104,58.3,112.0,68.0,-19.7,21.7,0.7596,0.736,0.0
SLC,2025-05-26,93,48.2,145.0,60.5,-10.2,11.5,0.8387,0.7684,0.0
SLC,2025-06-02,77,28.2,66.0,53.2,-20.0,-8.5,0.9481,0.8042,0.0
SLC,2025-06-09,79,36.6,77.0,42.8,8.5,-0.0,0.8101,0.8391,0.0
SLC,2025-06-16,65,67.2,157.0,45.0,30.6,30.5,0.8308,0.8569,0.0154
SLC,2025-06-23,63,25.8,47.0,39.4,-41.4,-10.9,0.9206,0.8774,0.0159
SLC,2025-06-30,79,31.2,66.0,40.2,5.4,-5.5,0.8987,0.8651,0.0127
SLC,2025-07-07,68,22.6,50.0,36.7,-8.6,-14.0,0.9265,0.8942,0.0147
SLC,2025-07-14,77,30.2,63.0,27.5,7.6,-6.4,0.9091,0.9137,0.0
SLC,2025-07-21,68,38.4,76.0,30.6,8.2,1.8,0.8382,0.8931,0.0
SLC,2025-07-28,82,23.7,48.0,28.7,-14.7,-12.9,0.9268,0.9002,0.0
SLC,2025-08-04,75,27.1,49.0,29.9,3.4,-9.6,0.9867,0.9152,0.0
SLC,2025-08-11,84,41.8,76.0,32.7,14.7,5.1,0.869,0.9052,0.0
SLC,2025-08-18,81,37.1,87.0,32.4,-4.6,0.5,0.9259,0.9271,0.0123
SLC,2025-08-25,97,42.4,110.0,37.1,5.3,5.8,0.8763,0.9145,0.0103
SLC,2025-09-01,97,57.3,130.0,44.6,14.9,20.7,0.7835,0.8637,0.0206
SLC,2025-09-08,96,37.0,76.0,43.5,-20.3,0.3,0.8854,0.8678,0.0208
SLC,2025-09-15,83,48.1,101.0,46.2,11.1,11.4,0.8554,0.8502,0.0602
SLC,2025-09-22,80,44.1,88.0,46.6,-4.0,7.4,0.9,0.8561,0.0125
SLC,2025-09-29,78,52.4,141.0,45.4,8.4,15.8,0.8077,0.8621,0.0256
SLC,2025-10-06,90,86.0,152.0,57.6,33.6,49.4,0.6333,0.7991,0.1
SLC,2025-10-13,94,54.7,101.0,59.3,-31.3,18.1,0.7553,0.7741,0.0213
SLC,2025-10-20,105,55.5,104.0,62.2,0.7,18.8,0.8,0.7491,0.0286
SLC,2025-10-27,105,91.3,193.0,71.9,35.8,54.6,0.5524,0.6853,0.0667
SLC,2025-11-03,91,45.5,94.0,61.8,-45.7,8.9,0.8462,0.7385,0.011
SLC,2025-11-10,87,38.2,72.0,57.6,-7.4,1.5,0.8391,0.7594,0.0115
SLC,2025-11-17,90,54.2,108.0,57.3,16.0,17.5,0.7667,0.7511,0.0222
SLC,2025-11-24,78,67.2,137.0,51.3,13.1,30.6,0.7949,0.8117,0.0
SLC,2025-12-01,109,124.2,272.0,71.0,57.0,87.6,0.5505,0.7378,0.055
SLC,2025-12-08,97,87.1,191.0,83.2,-37.1,50.4,0.6392,0.6878,0.1031
SLC,2025-12-15,97,59.8,121.0,84.6,-27.3,23.1,0.7732,0.6894,0.0515
SLC,2025-12-22,110,61.3,123.0,83.1,1.5,24.6,0.7727,0.6839,0.0182
TMS,2025-01-06,224,40.5,77.0,40.5,,0.0,0.8929,0.8929,0.0179
TMS,2025-01-13,219,48.0,101.0,44.3,7.5,7.5,0.8767,0.8848,0.0228
TMS,2025-01-20,244,36.8,71.0,41.8,-11.2,-3.7,0.9098,0.8931,0.0041
TMS,2025-01-27,260,47.2,95.0,43.1,10.3,6.7,0.8577,0.8843,0.0
TMS,2025-02-03,220,58.5,110.0,47.6,11.3,18.0,0.8364,0.8702,0.0182
TMS,2025-02-10,238,37.9,74.0,45.1,-20.6,-2.6,0.9286,0.8831,0.0084
TMS,2025-02-17,227,60.4,123.0,51.0,22.5,19.9,0.837,0.8649,0.0308
TMS,2025-02-24,219,49.8,98.0,51.7,-10.6,9.3,0.8311,0.8582,0.0137
TMS,2025-03-03,240,68.8,148.0,54.2,18.9,28.3,0.7083,0.8262,0.0167
TMS,2025-03-10,197,47.2,93.0,56.5,-21.5,6.7,0.8832,0.8149,0.0203
TMS,2025-03-17,220,26.6,51.0,48.1,-20.7,-13.9,0.9636,0.8466,0.0136
TMS,2025-03-24,216,43.5,88.0,46.5,17.0,3.0,0.838,0.8483,0.0093
TMS,2025-03-31,240,38.4,77.0,38.9,-5.1,-2.1,0.8917,0.8941,0.0125
TMS,2025-04-07,225,56.7,120.0,41.3,18.3,16.2,0.7956,0.8722,0.0178
TMS,2025-04-14,222,58.1,110.0,49.2,1.4,17.6,0.8198,0.8363,0.0045
TMS,2025-04-21,246,57.1,118.0,52.6,-1.0,16.6,0.7683,0.8188,0.0203
TMS,2025-04-28,227,71.3,156.0,60.8,14.2,30.8,0.6608,0.7611,0.0308
TMS,2025-05-05,225,48.1,95.0,58.7,-23.3,7.6,0.84,0.7722,0.0133
TMS,2025-05-12,225,72.9,146.0,62.3,24.8,32.4,0.6711,0.735,0.0178
TMS,2025-05-19,239,54.9,106.0,61.8,-18.0,14.4,0.8075,0.7449,0.0335
TMS,2025-05-26,212,48.4,93.0,56.1,-6.5,7.9,0.8774,0.799,0.0236
TMS,2025-06-02,226,32.5,58.0,52.2,-15.9,-8.0,0.9381,0.8235,0.0088
TMS,2025-06-09,195,38.8,76.0,43.7,6.3,-1.7,0.8821,0.8762,0.0154
TMS,2025-06-16,199,26.2,48.0,36.5,-12.6,-14.3,0.9196,0.9043,0.0101
TMS,2025-06-23,196,27.9,52.0,31.4,1.7,-12.6,0.9388,0.9196,0.0
TMS,2025-06-30,190,35.5,72.0,32.1,7.6,-5.0,0.8895,0.9075,0.0105
TMS,2025-07-07,207,38.4,77.0,32.0,2.8,-2.1,0.9179,0.9164,0.0097
TMS,2025-07-14,195,37.8,74.0,34.9,-0.6,-2.7,0.9179,0.916,0.0
TMS,2025-07-21,218,28.1,54.0,35.0,-9.7,-12.4,0.9541,0.9199,0.0046
TMS,2025-07-28,195,35.0,73.0,34.8,6.9,-5.5,0.9128,0.9257,0.0103
TMS,2025-08-04,208,34.1,65.0,33.7,-0.9,-6.4,0.9327,0.9294,0.0144
TMS,2025-08-11,189,22.9,48.0,30.0,-11.2,-17.6,0.9101,0.9274,0.0159
TMS,2025-08-18,234,41.5,89.0,33.4,18.6,1.0,0.8932,0.9122,0.0256
TMS,2025-08-25,197,51.4,95.0,37.5,9.9,10.9,0.8071,0.8858,0.0254
TMS,2025-09-01,207,43.9,89.0,39.9,-7.5,3.4,0.8841,0.8736,0.0097
TMS,2025-09-08,212,35.4,71.0,43.0,-8.5,-5.1,0.9151,0.8749,0.0189
TMS,2025-09-15,242,40.2,79.0,42.7,4.8,-0.3,0.905,0.8778,0.0207
TMS,2025-09-22,230,60.8,111.0,45.1,20.7,20.3,0.7652,0.8673,0.0304
TMS,2025-09-29,249,42.9,82.0,44.8,-17.9,2.4,0.8996,0.8712,0.0281
TMS,2025-10-06,249,66.2,127.0,52.5,23.3,25.7,0.7349,0.8262,0.0321
TMS,2025-10-13,233,74.7,143.0,61.2,8.5,34.2,0.7296,0.7823,0.0343
TMS,2025-10-20,260,44.4,89.0,57.1,-30.4,3.8,0.8154,0.7949,0.0038
TMS,2025-10-27,260,57.6,114.0,60.7,13.3,17.1,0.8,0.77,0.0192
TMS,2025-11-03,285,55.1,106.0,57.9,-2.6,14.6,0.8035,0.7871,0.0316
TMS,2025-11-10,265,58.7,121.0,53.9,3.6,18.2,0.7774,0.7991,0.0226
TMS,2025-11-17,269,56.9,112.0,57.1,-1.8,16.4,0.829,0.8025,0.0149
TMS,2025-11-24,239,55.3,121.0,56.5,-1.6,14.8,0.8536,0.8159,0.0167
TMS,2025-12-01,256,68.3,124.0,59.8,13.0,27.8,0.7617,0.8054,0.0117
TMS,2025-12-08,248,34.8,64.0,53.8,-33.5,-5.7,0.9274,0.8429,0.0282
TMS,2025-12-15,233,42.1,90.0,50.1,7.3,1.6,0.8927,0.8588,0.0043
TMS,2025-12-22,242,36.6,71.0,45.4,-5.5,-3.9,0.8719,0.8634,0.0
WBG,2025-01-06,281,85.5,172.0,85.5,,0.0,0.6762,0.6762,0.0641
WBG,2025-01-13,250,90.0,185.0,87.7,4.4,4.4,0.576,0.6261,0.036
WBG,2025-01-20,233,73.0,146.0,82.8,-16.9,-12.5,0.6781,0.6434,0.0343
WBG,2025-01-27,260,77.0,159.0,81.4,4.0,-8.5,0.75,0.6701,0.0269
WBG,2025-02-03,267,49.4,94.0,72.4,-27.6,-36.1,0.8502,0.7136,0.0112
WBG,2025-02-10,282,67.3,136.0,66.7,17.9,-18.2,0.734,0.7531,0.0213
WBG,2025-02-17,313,64.2,119.0,64.5,-3.2,-21.3,0.8115,0.7864,0.0192
WBG,2025-02-24,302,91.9,183.0,68.2,27.7,6.4,0.6126,0.7521,0.0331
WBG,2025-03-03,287,75.1,159.0,74.6,-16.8,-10.4,0.6829,0.7103,0.0279
WBG,2025-03-10,237,53.1,108.0,71.1,-22.0,-32.4,0.8228,0.7324,0.0
WBG,2025-03-17,261,39.1,74.0,64.8,-14.0,-46.5,0.8966,0.7537,0.0077
WBG,2025-03-24,266,46.8,88.0,53.5,7.8,-38.7,0.8835,0.8214,0.0075
WBG,2025-03-31,252,64.9,128.0,51.0,18.1,-20.6,0.7421,0.8362,0.0278
WBG,2025-04-07,240,69.4,131.0,55.0,4.5,-16.1,0.7,0.8055,0.0292
WBG,2025-04-14,258,50.5,112.0,57.9,-18.9,-35.1,0.8566,0.7955,0.0233
WBG,2025-04-21,222,40.7,80.0,56.4,-9.7,-44.8,0.8694,0.792,0.0045
WBG,2025-04-28,233,48.8,99.0,52.4,8.1,-36.7,0.8412,0.8168,0.0172
WBG,2025-05-05,249,57.6,120.0,49.4,8.7,-28.0,0.7711,0.8346,0.008
WBG,2025-05-12,242,57.5,106.0,51.1,-0.1,-28.0,0.8388,0.8301,0.0083
WBG,2025-05-19,245,57.4,108.0,55.3,-0.1,-28.1,0.8531,0.826,0.0204
WBG,2025-05-26,243,69.2,144.0,60.4,11.8,-16.3,0.7572,0.805,0.0123
WBG,2025-06-02,279,56.9,113.0,60.2,-12.3,-28.6,0.81,0.8148,0.0143
WBG,2025-06-09,264,47.4,97.0,57.7,-9.5,-38.1,0.8182,0.8096,0.0189
WBG,2025-06-16,272,29.7,56.0,50.8,-17.7,-55.8,0.9449,0.8326,0.0074
WBG,2025-06-23,263,26.9,50.0,40.2,-2.8,-58.6,0.9354,0.8771,0.0038
WBG,2025-06-30,250,59.7,116.0,40.9,32.7,-25.9,0.736,0.8586,0.02
WBG,2025-07-07,213,38.5,76.0,38.7,-21.1,-47.0,0.9108,0.8818,0.0235
WBG,2025-07-14,235,31.1,56.0,39.0,-7.4,-54.4,0.9447,0.8817,0.0085
WBG,2025-07-21,231,29.5,55.0,39.7,-1.6,-56.0,0.9307,0.8806,0.0087
WBG,2025-07-28,247,36.9,75.0,34.0,7.4,-48.6,0.9393,0.9314,0.0162
WBG,2025-08-04,206,36.3,65.0,33.5,-0.6,-49.2,0.8835,0.9245,0.0097
WBG,2025-08-11,230,43.4,86.0,36.5,7.1,-42.1,0.8565,0.9025,0.0087
WBG,2025-08-18,230,44.7,89.0,40.3,1.2,-40.9,0.8913,0.8926,0.0
WBG,2025-08-25,259,36.3,67.0,40.2,-8.4,-49.2,0.9228,0.8885,0.0077
WBG,2025-09-01,271,44.4,90.0,42.2,8.1,-41.1,0.8524,0.8808,0.0074
WBG,2025-09-08,270,57.8,115.0,45.8,13.4,-27.7,0.8037,0.8675,0.0148
WBG,2025-09-15,209,36.7,81.0,43.8,-21.1,-48.8,0.8995,0.8696,0.0
WBG,2025-09-22,239,42.2,87.0,45.3,5.5,-43.3,0.8954,0.8628,0.0126
WBG,2025-09-29,232,34.4,66.0,42.8,-7.8,-51.1,0.9095,0.877,0.0086
WBG,2025-10-06,256,52.6,106.0,41.5,18.2,-32.9,0.8477,0.888,0.0313
WBG,2025-10-13,232,51.8,107.0,45.3,-0.8,-33.7,0.8233,0.869,0.0172
WBG,2025-10-20,272,42.3,83.0,45.3,-9.5,-43.2,0.8971,0.8694,0.0037
WBG,2025-10-27,279,63.7,126.0,52.6,21.4,-21.8,0.7742,0.8355,0.0251
WBG,2025-11-03,285,63.6,133.0,55.4,-0.1,-21.9,0.7193,0.8035,0.0246
WBG,2025-11-10,247,54.7,104.0,56.1,-8.8,-30.8,0.8421,0.8082,0.004
WBG,2025-11-17,244,55.6,98.0,59.4,0.8,-29.9,0.8074,0.7857,0.0082
WBG,2025-11-24,262,44.0,87.0,54.5,-11.6,-41.6,0.8779,0.8117,0.0115
WBG,2025-12-01,234,36.8,66.0,47.8,-7.1,-48.7,0.9359,0.8658,0.0128
WBG,2025-12-08,277,58.5,120.0,48.7,21.7,-27.0,0.7509,0.843,0.0144
WBG,2025-12-15,288,64.7,117.0,51.0,6.1,-20.9,0.8021,0.8417,0.0347
WBG,2025-12-22,226,36.4,78.0,49.1,-28.2,-49.1,0.9469,0.8589,0.0044
