arrival_hour,triage_category,attendances,avg_daily_arrivals,share_of_triage_daily_demand,avg_door_to_provider_min,share_wait_over_60_min,within_4h_rate,lwbs_rate,admission_rate,worst_hour_rank
0,1,112,0.31,0.0349,2.3,0.0,0.9018,0.0,0.9464,21
1,1,104,0.28,0.0324,2.5,0.0,0.9135,0.0,0.9519,7
2,1,104,0.28,0.0324,2.4,0.0,0.9135,0.0,0.9712,17
3,1,89,0.24,0.0277,2.4,0.0,0.8989,0.0,0.9551,15
4,1,74,0.2,0.0231,2.7,0.0,0.8108,0.0,0.9595,1
5,1,83,0.23,0.0259,2.6,0.0,0.8916,0.0,0.9639,2
6,1,74,0.2,0.0231,2.3,0.0,0.8243,0.0,0.9459,20
7,1,79,0.22,0.0246,2.4,0.0,0.7975,0.0,0.8987,14
8,1,101,0.28,0.0315,2.4,0.0,0.8911,0.0,0.8911,12
9,1,137,0.38,0.0427,2.1,0.0,0.8686,0.0,0.8686,24
10,1,138,0.38,0.043,2.3,0.0,0.8551,0.0,0.8696,19
11,1,158,0.43,0.0492,2.2,0.0,0.9114,0.0,0.8987,23
12,1,158,0.43,0.0492,2.4,0.0,0.8608,0.0,0.9241,10
13,1,168,0.46,0.0523,2.5,0.0,0.869,0.0,0.9345,8
14,1,187,0.51,0.0583,2.5,0.0,0.893,0.0,0.9037,9
15,1,191,0.52,0.0595,2.4,0.0,0.911,0.0,0.9162,18
16,1,192,0.53,0.0598,2.5,0.0,0.8906,0.0,0.9063,5
17,1,209,0.57,0.0651,2.3,0.0,0.9234,0.0,0.8995,22
18,1,150,0.41,0.0467,2.6,0.0,0.9067,0.0,0.9667,4
19,1,155,0.42,0.0483,2.5,0.0,0.9226,0.0,0.929,6
20,1,162,0.44,0.0505,2.4,0.0,0.9259,0.0,0.9321,16
21,1,156,0.43,0.0486,2.4,0.0,0.9038,0.0,0.9167,11
22,1,136,0.37,0.0424,2.4,0.0,0.9044,0.0,0.9265,13
23,1,93,0.25,0.029,2.6,0.0,0.8925,0.0,0.9462,3
0,2,635,1.74,0.0302,18.2,0.0173,0.8913,0.0,0.7354,15
1,2,593,1.62,0.0282,17.6,0.0084,0.887,0.0,0.7218,16
2,2,532,1.46,0.0253,16.1,0.015,0.8853,0.0,0.7857,20
3,2,435,1.19,0.0207,15.0,0.0046,0.8414,0.0,0.7425,22
4,2,428,1.17,0.0203,16.3,0.028,0.8411,0.0,0.7196,19
5,2,430,1.18,0.0204,14.3,0.007,0.8302,0.0,0.7419,24
6,2,479,1.31,0.0227,14.5,0.0104,0.8163,0.0,0.7098,23
7,2,645,1.77,0.0306,15.4,0.0248,0.831,0.0,0.5752,21
8,2,809,2.22,0.0384,16.4,0.0235,0.8443,0.0,0.5241,18
9,2,993,2.72,0.0472,17.3,0.0232,0.8449,0.0,0.566,17
10,2,1093,2.99,0.0519,18.7,0.0256,0.8527,0.0,0.5663,14
11,2,1114,3.05,0.0529,18.9,0.0242,0.8447,0.0,0.5826,13
12,2,1216,3.33,0.0577,20.4,0.0329,0.8569,0.0,0.6127,11
13,2,1204,3.3,0.0572,22.1,0.0465,0.8613,0.0,0.6279,8
14,2,1210,3.32,0.0575,21.4,0.0289,0.8628,0.0,0.6314,10
15,2,1201,3.29,0.057,22.2,0.0416,0.8876,0.0,0.6478,7
16,2,1201,3.29,0.057,23.3,0.0466,0.8651,0.0,0.6503,6
17,2,1154,3.16,0.0548,24.0,0.0433,0.8622,0.0,0.6274,3
18,2,1132,3.1,0.0538,24.5,0.0451,0.8728,0.0,0.659,1
19,2,1115,3.05,0.0529,24.3,0.0457,0.8933,0.0,0.6341,2
20,2,1015,2.78,0.0482,24.0,0.0483,0.9054,0.0,0.6739,4
21,2,903,2.47,0.0429,23.6,0.0476,0.8893,0.0,0.6877,5
22,2,802,2.2,0.0381,21.7,0.0175,0.8815,0.0,0.6845,9
23,2,721,1.98,0.0342,19.7,0.025,0.889,0.0,0.724,12
0,3,1715,4.7,0.0255,44.6,0.2227,0.7732,0.0076,0.4204,17
1,3,1560,4.27,0.0232,41.9,0.1868,0.7615,0.0083,0.4731,19
2,3,1384,3.79,0.0206,40.6,0.1753,0.7616,0.0065,0.4805,20
3,3,1160,3.18,0.0173,39.5,0.1658,0.7155,0.0069,0.5509,23
4,3,1168,3.2,0.0174,38.8,0.1687,0.7303,0.0051,0.5385,24
5,3,1313,3.6,0.0195,40.2,0.1741,0.6672,0.0069,0.5362,21
6,3,1642,4.5,0.0244,39.7,0.1701,0.6967,0.0085,0.4805,22
7,3,2289,6.27,0.034,42.2,0.1811,0.7121,0.0087,0.4054,18
8,3,3098,8.49,0.0461,45.4,0.2298,0.7318,0.0097,0.3341,16
9,3,3520,9.64,0.0524,47.7,0.2491,0.742,0.0102,0.3381,14
10,3,4061,11.13,0.0604,52.3,0.2803,0.7323,0.0091,0.3371,12
11,3,4212,11.54,0.0627,54.3,0.3014,0.7277,0.0145,0.3409,11
12,3,4071,11.15,0.0606,56.0,0.3325,0.7241,0.013,0.3645,10
13,3,4124,11.3,0.0613,56.4,0.3307,0.726,0.0131,0.3676,9
14,3,3897,10.68,0.058,58.9,0.3629,0.7175,0.0149,0.3613,7
15,3,3787,10.38,0.0563,60.7,0.3644,0.7153,0.0145,0.366,5
16,3,3796,10.4,0.0565,59.2,0.3637,0.7231,0.0171,0.334,6
17,3,3789,10.38,0.0564,62.5,0.3852,0.7147,0.0182,0.3457,3
18,3,3494,9.57,0.052,63.4,0.4005,0.7121,0.0232,0.352,2
19,3,3310,9.07,0.0492,63.4,0.4033,0.7172,0.0218,0.3441,1
20,3,2957,8.1,0.044,61.9,0.3904,0.7305,0.0186,0.3608,4
21,3,2640,7.23,0.0393,57.7,0.3573,0.7345,0.0152,0.3587,8
22,3,2285,6.26,0.034,50.8,0.2787,0.7733,0.0123,0.3869,13
23,3,1958,5.36,0.0291,47.1,0.2404,0.7671,0.0056,0.4173,15
0,4,1607,4.4,0.0251,55.4,0.3195,0.8923,0.0243,0.1568,18
1,4,1246,3.41,0.0195,57.1,0.3398,0.8844,0.0128,0.1766,17
2,4,1137,3.12,0.0178,54.6,0.3104,0.854,0.0167,0.2093,19
3,4,978,2.68,0.0153,51.6,0.2819,0.8252,0.0133,0.2434,22
4,4,1018,2.79,0.0159,48.3,0.2325,0.8487,0.0029,0.2456,24
5,4,1047,2.87,0.0164,49.0,0.2517,0.8415,0.021,0.2397,23
6,4,1369,3.75,0.0214,52.1,0.2843,0.8349,0.0161,0.2089,21
7,4,2101,5.76,0.0329,52.9,0.2856,0.8867,0.0152,0.1495,20
8,4,3066,8.4,0.048,58.9,0.3394,0.8767,0.0209,0.1187,16
9,4,3714,10.18,0.0581,64.4,0.4088,0.8748,0.0285,0.1177,14
10,4,4035,11.05,0.0631,69.4,0.4315,0.8575,0.0253,0.1204,13
11,4,3977,10.9,0.0622,71.8,0.4643,0.8542,0.0279,0.1227,11
12,4,4008,10.98,0.0627,75.4,0.4851,0.8406,0.0352,0.1228,10
13,4,3852,10.55,0.0603,76.9,0.5036,0.8359,0.0304,0.1272,9
14,4,3843,10.53,0.0601,79.0,0.5227,0.8238,0.0362,0.1351,7
15,4,3707,10.16,0.058,79.6,0.5347,0.8265,0.037,0.1281,6
16,4,3691,10.11,0.0577,82.3,0.5504,0.8255,0.0382,0.1179,5
17,4,3676,10.07,0.0575,84.9,0.5658,0.8164,0.0403,0.1287,2
18,4,3293,9.02,0.0515,85.9,0.5746,0.8084,0.0449,0.1184,1
19,4,3235,8.86,0.0506,84.7,0.569,0.8087,0.0454,0.1289,4
20,4,2926,8.02,0.0458,84.9,0.5758,0.8042,0.042,0.1234,3
21,4,2480,6.79,0.0388,77.6,0.5218,0.8391,0.0403,0.1327,8
22,4,2084,5.71,0.0326,69.4,0.4509,0.8546,0.0283,0.1315,12
23,4,1830,5.01,0.0286,63.1,0.3944,0.8738,0.0273,0.1492,15
0,5,493,1.35,0.0255,62.1,0.3724,0.8925,0.0304,0.0751,16
1,5,365,1.0,0.0189,61.8,0.3697,0.9096,0.0219,0.0575,17
2,5,358,0.98,0.0185,56.0,0.2877,0.9162,0.0196,0.0978,19
3,5,267,0.73,0.0138,52.5,0.2973,0.9251,0.03,0.0899,22
4,5,259,0.71,0.0134,51.7,0.2902,0.9344,0.0154,0.0502,23
5,5,288,0.79,0.0149,46.5,0.2324,0.9236,0.0139,0.0833,24
6,5,392,1.07,0.0203,54.6,0.3196,0.9235,0.0102,0.0587,21
7,5,643,1.76,0.0332,56.0,0.3111,0.93,0.0202,0.0467,20
8,5,911,2.5,0.0471,58.1,0.3531,0.9133,0.0176,0.0417,18
9,5,1114,3.05,0.0576,71.0,0.4551,0.8896,0.0296,0.0377,14
10,5,1228,3.36,0.0635,76.3,0.5105,0.873,0.0285,0.0432,13
11,5,1220,3.34,0.0631,80.5,0.5378,0.868,0.0459,0.0311,11
12,5,1232,3.38,0.0637,82.2,0.5499,0.8515,0.0479,0.0487,10
13,5,1190,3.26,0.0615,83.7,0.5514,0.837,0.0521,0.0445,9
14,5,1167,3.2,0.0603,87.6,0.5856,0.8432,0.0488,0.048,8
15,5,1171,3.21,0.0605,88.6,0.5822,0.8403,0.0393,0.0359,6
16,5,1149,3.15,0.0594,91.3,0.6038,0.8155,0.0357,0.0418,5
17,5,1107,3.03,0.0572,96.2,0.6238,0.8166,0.0587,0.0379,3
18,5,1028,2.82,0.0532,98.5,0.6474,0.8025,0.0564,0.0447,1
19,5,958,2.62,0.0495,98.0,0.6527,0.8173,0.0564,0.0365,2
20,5,857,2.35,0.0443,94.6,0.6202,0.8238,0.063,0.0432,4
21,5,768,2.1,0.0397,88.5,0.6139,0.8464,0.0286,0.0273,7
22,5,602,1.65,0.0311,78.8,0.5078,0.8754,0.0382,0.0498,12
23,5,574,1.57,0.0297,68.9,0.475,0.8902,0.0244,0.0697,15
