level,entity,index_stays,readmissions_30d,readmission_rate_30d,readmission_rate_7d,share_readmitted_elsewhere,ratio_to_network,rank_within_level
Network,ALL,74129,7834,0.1057,0.0538,0.1246,1.0,
Hospital,SLC,1929,288,0.1493,0.0757,0.1667,1.413,1.0
Hospital,CLR,4572,591,0.1293,0.0669,0.1303,1.223,2.0
Hospital,BRK,1925,239,0.1242,0.0618,0.1088,1.175,3.0
Hospital,ASH,1944,229,0.1178,0.0622,0.1354,1.115,4.0
Hospital,SDN,5048,586,0.1161,0.058,0.1229,1.098,5.0
Hospital,HBV,5836,654,0.1121,0.0576,0.1101,1.06,6.0
Hospital,MRC,2185,243,0.1112,0.06,0.1605,1.052,7.0
Hospital,RVG,5080,562,0.1106,0.0539,0.1032,1.047,8.0
Hospital,TMS,5068,550,0.1085,0.0594,0.1091,1.027,9.0
Hospital,QET,8172,840,0.1028,0.0524,0.1286,0.973,10.0
Hospital,KMR,4728,485,0.1026,0.0531,0.1464,0.971,11.0
Hospital,WBG,5529,567,0.1026,0.0523,0.1111,0.97,12.0
Hospital,EFG,5081,505,0.0994,0.0482,0.1188,0.94,13.0
Hospital,SAU,8780,834,0.095,0.0477,0.1283,0.899,14.0
Hospital,PNT,8252,661,0.0801,0.04,0.1271,0.758,15.0
Department,MED,15954,2290,0.1435,0.0731,0.124,1.358,1.0
Department,ICU,5330,685,0.1285,0.0632,0.1562,1.216,2.0
Department,CARD,6533,823,0.126,0.0615,0.1312,1.192,3.0
Department,ONC,2958,326,0.1102,0.0558,0.1258,1.043,4.0
Department,PAED,9871,1009,0.1022,0.0527,0.1298,0.967,5.0
Department,ORTH,6720,675,0.1004,0.0518,0.0904,0.95,6.0
Department,SURG,17207,1415,0.0822,0.0436,0.1173,0.778,7.0
Department,MAT,9556,611,0.0639,0.0314,0.1277,0.605,8.0
