bottleneck_rank,hospital_code,department_code,occupancy_rate,critical_days,over_capacity_days,critical_episodes,episodes_7plus_days,longest_run_days,longest_run_start,longest_run_end,ed_admissions,avg_boarding_min,share_boarding_over_4h,trolley_waits_over_12h,bottleneck_score
1,CLR,MED,0.9924,220,157,35,9,27,2025-08-28,2025-09-23,934,108.4,0.0985,18,0.6621
2,QET,MED,0.9656,214,147,28,11,26,2025-11-20,2025-12-15,1634,99.2,0.0838,9,0.6355
3,SLC,MED,1.0021,204,161,38,7,42,2025-04-09,2025-05-20,666,104.5,0.0901,12,0.6093
4,WBG,ICU,0.966,199,130,43,10,24,2025-01-31,2025-02-23,347,49.9,0.0317,0,0.5625
5,CLR,ONC,0.9466,189,122,22,9,32,2025-04-09,2025-05-10,143,89.5,0.0769,0,0.5576
6,RVG,MED,0.954,188,116,37,6,24,2025-10-17,2025-11-09,1065,89.6,0.0732,13,0.5528
7,HBV,ONC,0.944,183,136,27,7,28,2025-05-27,2025-06-23,201,93.0,0.0796,2,0.5413
8,WBG,MED,0.953,182,125,35,8,31,2025-01-01,2025-01-31,1096,85.6,0.0757,8,0.5364
9,RVG,ICU,0.9447,186,129,33,7,39,2025-01-03,2025-02-10,340,49.2,0.0235,0,0.5216
10,BRK,ICU,0.9171,182,108,46,5,18,2025-10-27,2025-11-13,268,53.1,0.041,1,0.5191
11,TMS,ICU,0.9118,184,112,47,8,22,2025-01-01,2025-01-22,339,32.9,0.0147,0,0.5115
12,HBV,MED,0.9298,172,109,42,9,27,2025-10-03,2025-10-29,1179,95.6,0.0814,16,0.5096
13,PNT,MED,0.9231,172,87,41,9,13,2025-10-22,2025-11-03,1672,68.2,0.0305,1,0.4856
14,ASH,ORTH,0.824,160,87,37,8,27,2025-06-24,2025-07-20,115,130.9,0.0783,3,0.4727
15,KMR,MED,0.9121,156,101,25,8,20,2025-08-29,2025-09-17,954,97.1,0.0933,16,0.4673
16,HBV,ICU,0.8219,158,89,40,10,15,2025-03-29,2025-04-12,285,61.7,0.0526,1,0.4557
17,CLR,PAED,0.8662,149,88,55,5,13,2025-02-18,2025-03-02,674,113.6,0.1157,9,0.4555
18,QET,CARD,0.9145,153,108,37,6,29,2025-03-20,2025-04-17,675,110.3,0.0815,10,0.4533
19,SDN,MED,0.919,152,107,28,4,49,2025-04-09,2025-05-27,1002,88.6,0.0878,5,0.453
20,SAU,MED,0.9222,156,94,31,4,31,2025-03-28,2025-04-27,1723,84.7,0.0598,10,0.4529
21,QET,SURG,0.9119,151,103,41,7,11,2025-03-12,2025-03-22,987,106.8,0.0922,12,0.4518
22,EFG,ICU,0.8603,162,94,42,8,25,2025-01-03,2025-01-27,304,32.0,0.0132,0,0.4497
23,ASH,MED,0.933,145,111,28,8,23,2025-08-16,2025-09-07,572,133.1,0.1294,21,0.4487
24,SLC,ORTH,0.7973,146,79,31,7,18,2025-10-03,2025-10-20,106,126.4,0.1132,2,0.4453
25,CLR,ICU,0.8644,156,91,33,8,19,2025-10-31,2025-11-18,225,55.9,0.0356,0,0.4426
26,MRC,MED,0.907,146,116,26,8,18,2025-11-07,2025-11-24,642,89.8,0.0919,10,0.4368
27,BRK,MED,0.9005,141,99,31,5,22,2025-09-06,2025-09-27,573,124.0,0.1291,18,0.4362
28,QET,ONC,0.892,147,116,27,9,21,2025-11-21,2025-12-11,274,98.0,0.0766,3,0.4336
29,SDN,CARD,0.8399,139,91,36,8,15,2025-01-05,2025-01-19,363,105.7,0.124,5,0.428
30,TMS,MED,0.8926,150,98,34,8,20,2025-04-17,2025-05-06,1012,60.4,0.0405,2,0.4276
31,QET,ORTH,0.9077,144,110,34,5,13,2025-02-13,2025-02-25,380,99.2,0.0789,4,0.4257
32,KMR,ONC,0.8594,135,78,29,5,26,2025-01-08,2025-02-02,124,93.2,0.1371,2,0.4206
33,KMR,ICU,0.8367,148,94,35,7,22,2025-01-06,2025-01-27,285,52.5,0.0351,0,0.4197
34,SAU,ONC,0.8813,141,98,33,8,18,2025-03-19,2025-04-05,262,94.3,0.0802,2,0.4173
35,RVG,ORTH,0.8591,142,81,39,6,14,2025-10-23,2025-11-05,271,75.1,0.059,3,0.412
36,BRK,ORTH,0.7747,133,69,35,4,17,2025-11-15,2025-12-01,111,122.3,0.1261,5,0.4103
37,MRC,ICU,0.7863,144,80,36,7,20,2025-05-16,2025-06-04,231,51.4,0.039,3,0.4099
38,EFG,ONC,0.8178,143,85,29,7,19,2025-10-24,2025-11-11,134,64.0,0.0373,0,0.4064
39,PNT,ONC,0.8966,143,99,31,6,25,2025-07-06,2025-07-30,268,71.8,0.0336,0,0.4049
40,TMS,ORTH,0.8591,138,95,37,3,16,2025-10-03,2025-10-18,273,67.1,0.0659,0,0.403
41,SDN,PAED,0.8393,138,88,50,4,13,2025-09-15,2025-09-27,687,87.8,0.064,5,0.4023
42,CLR,CARD,0.8239,134,75,41,3,13,2025-06-01,2025-06-13,380,108.6,0.0947,6,0.4019
43,KMR,CARD,0.8481,135,98,39,7,16,2025-01-14,2025-01-29,408,85.2,0.0735,3,0.3971
44,HBV,ORTH,0.8668,132,98,29,7,15,2025-12-02,2025-12-16,290,99.0,0.0966,2,0.3966
45,EFG,MED,0.8774,141,81,29,5,24,2025-11-23,2025-12-16,1004,53.5,0.0249,1,0.3959
46,PNT,ICU,0.8827,142,84,46,4,19,2025-12-02,2025-12-20,611,42.1,0.0098,0,0.3929
47,SDN,SURG,0.8694,129,93,36,4,19,2025-04-16,2025-05-04,671,101.3,0.0924,5,0.3861
48,KMR,ORTH,0.8274,133,89,29,7,12,2025-03-25,2025-04-05,223,92.4,0.0538,3,0.384
49,SAU,ORTH,0.8998,132,104,31,5,20,2025-01-07,2025-01-26,374,85.0,0.0588,2,0.3829
50,SAU,ICU,0.8884,137,95,36,5,27,2025-01-07,2025-02-02,612,50.1,0.0196,0,0.3827
51,SDN,ICU,0.7994,136,100,30,5,16,2025-09-15,2025-09-30,326,51.7,0.0245,3,0.3817
52,SDN,ORTH,0.8481,127,87,36,5,17,2025-07-02,2025-07-18,226,82.2,0.0885,1,0.3787
53,TMS,ONC,0.8434,134,83,27,5,26,2025-02-17,2025-03-14,161,58.0,0.0248,1,0.3762
54,WBG,SURG,0.8594,127,96,30,5,19,2025-05-15,2025-06-02,683,79.4,0.0688,4,0.3719
55,CLR,ORTH,0.7836,123,88,25,7,17,2025-09-18,2025-10-04,218,98.8,0.1009,3,0.371
56,RVG,CARD,0.8117,124,79,39,5,17,2025-12-15,2025-12-31,381,90.8,0.0761,7,0.3656
57,KMR,PAED,0.7858,120,72,50,3,16,2025-11-27,2025-12-12,657,96.5,0.0989,8,0.3613
58,ASH,ICU,0.7418,121,65,37,3,9,2025-01-21,2025-01-29,233,99.2,0.0815,9,0.3585
59,SDN,MAT,0.775,117,74,47,1,11,2025-11-20,2025-11-30,116,92.4,0.1034,0,0.3537
60,SAU,SURG,0.8809,120,80,38,4,13,2025-12-08,2025-12-20,1049,88.4,0.0686,8,0.3513
61,WBG,ORTH,0.8286,117,77,35,7,11,2025-05-22,2025-06-01,272,86.1,0.0846,4,0.3477
62,QET,ICU,0.8101,122,79,35,5,16,2025-02-08,2025-02-23,561,60.3,0.0374,1,0.3468
63,SAU,CARD,0.8391,117,88,32,5,13,2025-03-05,2025-03-17,768,88.0,0.0729,5,0.3439
64,SLC,ICU,0.7192,117,53,41,4,15,2025-02-20,2025-03-06,245,67.6,0.0612,3,0.3402
65,PNT,ORTH,0.874,121,87,33,5,14,2025-06-14,2025-06-27,295,63.1,0.0169,0,0.3371
66,KMR,SURG,0.8346,111,79,38,1,8,2025-02-06,2025-02-13,529,92.2,0.0813,9,0.3288
67,RVG,PAED,0.7233,110,57,46,3,8,2025-01-24,2025-01-31,661,94.1,0.0832,4,0.3264
68,CLR,SURG,0.8413,107,65,37,5,16,2025-09-25,2025-10-10,501,114.3,0.1118,9,0.3259
69,PNT,SURG,0.8312,114,68,29,6,13,2025-07-23,2025-08-04,991,74.4,0.0373,4,0.324
70,MRC,ORTH,0.7627,111,62,38,4,11,2025-05-06,2025-05-16,153,61.0,0.0588,0,0.322
71,RVG,SURG,0.8221,109,76,38,3,18,2025-07-15,2025-08-01,662,86.9,0.074,6,0.3207
72,HBV,PAED,0.7487,105,72,47,1,8,2025-04-03,2025-04-10,795,98.9,0.0931,14,0.3144
73,HBV,SURG,0.8519,106,79,38,4,12,2025-04-09,2025-04-20,711,94.2,0.0788,8,0.3133
74,EFG,PAED,0.7557,107,65,46,3,10,2025-07-05,2025-07-14,689,55.0,0.0348,2,0.3034
75,WBG,CARD,0.7634,105,66,36,3,10,2025-12-09,2025-12-18,445,71.3,0.0539,2,0.3032
76,HBV,CARD,0.775,101,61,31,3,19,2025-08-06,2025-08-24,417,96.6,0.0863,4,0.3006
77,ASH,SURG,0.7589,97,53,42,2,8,2025-10-01,2025-10-08,317,183.2,0.1262,16,0.2993
78,SAU,PAED,0.8035,101,70,49,1,7,2025-04-21,2025-04-27,1177,86.8,0.0722,9,0.2967
79,SLC,SURG,0.716,96,52,33,3,13,2025-03-25,2025-04-06,243,120.3,0.107,7,0.2912
80,EFG,ORTH,0.807,103,65,28,3,13,2025-09-16,2025-09-28,274,55.9,0.0255,0,0.2894
81,RVG,ONC,0.7288,97,55,26,3,20,2025-03-18,2025-04-06,113,107.1,0.0885,4,0.2893
82,SDN,ONC,0.7018,97,51,22,3,31,2025-05-05,2025-06-04,116,80.3,0.069,0,0.2841
83,PNT,CARD,0.8315,100,69,37,4,11,2025-08-07,2025-08-17,715,70.6,0.0364,1,0.2839
84,EFG,CARD,0.7683,100,56,35,1,8,2025-12-14,2025-12-21,359,54.8,0.0362,0,0.2839
85,MRC,SURG,0.7546,97,51,38,1,9,2025-03-01,2025-03-09,289,75.9,0.0519,4,0.2795
86,QET,MAT,0.7842,93,64,35,3,10,2025-02-28,2025-03-09,214,99.3,0.0748,1,0.2738
87,QET,PAED,0.7666,90,53,38,1,15,2025-12-12,2025-12-26,974,118.0,0.1037,12,0.2721
88,ASH,MAT,0.6089,87,39,38,1,10,2025-08-15,2025-08-24,73,219.8,0.0959,4,0.2612
89,BRK,SURG,0.7061,86,47,34,1,11,2025-12-08,2025-12-18,294,244.9,0.102,16,0.2597
90,WBG,PAED,0.7096,87,49,39,2,10,2025-02-23,2025-03-04,721,80.5,0.068,4,0.2546
91,TMS,CARD,0.7272,90,61,32,3,10,2025-05-09,2025-05-18,364,58.4,0.0275,1,0.2533
92,KMR,MAT,0.7037,85,51,38,1,10,2025-06-06,2025-06-15,110,98.8,0.0727,2,0.2498
93,SLC,MAT,0.6116,86,42,41,1,7,2025-10-28,2025-11-03,92,104.2,0.0543,3,0.2484
94,BRK,MAT,0.6247,85,41,36,0,6,2025-01-07,2025-01-12,60,107.1,0.0667,2,0.2484
95,MRC,MAT,0.6521,81,43,32,3,12,2025-06-21,2025-07-02,101,82.8,0.0693,1,0.2373
96,WBG,MAT,0.724,81,50,42,0,6,2025-11-12,2025-11-17,146,67.7,0.0479,0,0.2326
97,RVG,MAT,0.6888,78,46,36,0,6,2025-08-12,2025-08-17,147,98.9,0.0816,1,0.2311
98,CLR,MAT,0.6967,71,33,35,1,7,2025-03-03,2025-03-09,104,144.4,0.1827,3,0.2301
99,HBV,MAT,0.7298,76,46,33,1,11,2025-06-29,2025-07-09,157,77.9,0.051,0,0.2188
100,PNT,MAT,0.7709,76,57,31,2,11,2025-11-06,2025-11-16,203,68.5,0.0345,0,0.2154
101,TMS,PAED,0.6534,72,32,43,0,5,2025-11-01,2025-11-05,621,58.2,0.0322,0,0.2036
102,EFG,MAT,0.6575,72,33,36,1,7,2025-05-04,2025-05-10,120,52.0,0.0167,0,0.2005
103,PNT,PAED,0.7134,65,41,29,2,8,2025-12-05,2025-12-12,993,68.2,0.0342,2,0.1842
104,TMS,SURG,0.771,64,44,31,0,5,2025-08-23,2025-08-27,615,56.7,0.0195,1,0.1788
105,EFG,SURG,0.7437,63,42,24,3,11,2025-10-13,2025-10-23,618,53.6,0.0275,0,0.1774
106,WBG,ONC,0.6368,57,34,15,2,20,2025-01-09,2025-01-28,143,74.3,0.0839,0,0.1693
107,TMS,MAT,0.6286,52,31,27,1,9,2025-03-22,2025-03-30,138,49.5,0.029,0,0.1466
108,SAU,MAT,0.7007,47,26,25,0,5,2025-08-27,2025-08-31,179,85.1,0.0447,0,0.1345
