overall_rank,tier,hospital_code,hospital_name,hospital_type,occupancy_rate,alos_days,ed_within_4h,readmission_rate_30d,night_patients_per_nurse,share_night_shifts_breaching_ratio,nurse_absence_rate,agency_share,mean_rank
1,Top third,EFG,Eastfield General Hospital,Regional General,0.8,4.0,0.8655,0.0994,5.47,0.4887,0.0826,0.0465,2.4
2,Top third,TMS,Thameside General Hospital,Regional General,0.8069,4.07,0.8515,0.1085,5.53,0.4753,0.0893,0.0511,3.8
3,Top third,MRC,Moorcroft Community Hospital,Community,0.8057,4.2,0.8488,0.1112,4.19,0.2652,0.083,0.0472,4.0
4,Top third,WBG,Westbrook General Hospital,Regional General,0.8372,4.14,0.8234,0.1026,6.63,0.6315,0.0834,0.0486,6.2
5,Top third,ASH,Ashby Vale Community Hospital,Community,0.8169,4.31,0.8377,0.1178,4.52,0.343,0.0799,0.0455,6.6
6,Middle third,BRK,Bramble Rock Community Hospital,Community,0.8098,4.28,0.831,0.1242,4.52,0.3693,0.0945,0.0516,6.8
7,Middle third,RVG,Riverside General Hospital,Regional General,0.8471,4.18,0.816,0.1106,6.29,0.5805,0.0867,0.046,7.8
8,Middle third,SLC,Saltmarsh Community Hospital,Community,0.8334,4.24,0.8136,0.1493,4.46,0.3266,0.0836,0.0497,8.0
9,Middle third,KMR,Kingsmead Regional Hospital,Regional General,0.845,4.36,0.7989,0.1026,6.12,0.5469,0.1016,0.0614,8.4
10,Middle third,PNT,Pennant University Hospital,Teaching,0.8589,4.51,0.8203,0.0801,6.08,0.7051,0.1037,0.0572,9.6
11,Bottom third,HBV,Harbourview Medical Centre,Regional General,0.8571,4.23,0.8169,0.1121,6.6,0.661,0.1005,0.0583,9.8
12,Bottom third,SAU,St Aldric University Hospital,Teaching,0.8714,4.73,0.7799,0.095,5.89,0.6339,0.1105,0.0629,10.8
13,Bottom third,SDN,Southdown General Hospital,Regional General,0.852,4.48,0.7834,0.1161,6.21,0.5921,0.1546,0.0902,11.0
14,Bottom third,CLR,Clearwater Regional Hospital,Regional General,0.8753,4.47,0.7688,0.1293,6.01,0.5384,0.0974,0.0538,12.0
15,Bottom third,QET,Queen Eleanor Teaching Hospital,Teaching,0.8976,4.99,0.7243,0.1028,5.85,0.6356,0.126,0.0751,12.8
