reason_code,description,category,avoidability,rejected_claims,pct_of_rejections,cumulative_pct,rejected_billed,avg_billed_per_denial
R05,"Out-of-network provider, no OON benefit",Network,Avoidable,7953,29.01,29.0,4726112.0,594.0
R06,Diagnosis/procedure code mismatch or invalid code,Coding,Avoidable,5957,21.73,50.7,3747440.0,629.0
R07,Missing or incomplete claim information,Administrative,Avoidable,4894,17.85,68.6,2457842.0,502.0
R01,Duplicate claim submission,Payment Integrity,Avoidable,2909,10.61,79.2,2089464.0,718.0
R03,Service not covered under member's plan,Benefits,Clinical/Policy,1838,6.71,85.9,755104.0,411.0
R08,Timely filing limit exceeded,Administrative,Avoidable,1435,5.23,91.1,927908.0,647.0
R02,Missing or invalid prior authorization,Utilization Management,Avoidable,848,3.09,94.2,3079410.0,3631.0
R09,Not medically necessary,Clinical Review,Clinical/Policy,693,2.53,96.8,707551.0,1021.0
R04,Member not eligible on date of service,Eligibility,Avoidable,515,1.88,98.7,245305.0,476.0
R10,Billed amount exceeds reasonable & customary review,Payment Integrity,Clinical/Policy,370,1.35,100.0,2825666.0,7637.0
