month,decided_claims,avg_turnaround_days,mom_change_days,rolling_3m_days,pct_within_15d,pct_within_30d
2024-01,5808,4.91,,4.91,95.2,99.2
2024-02,8433,4.85,-0.06,4.88,95.7,99.1
2024-03,8792,4.82,-0.03,4.86,95.6,99.1
2024-04,7618,4.9,0.08,4.86,95.4,98.9
2024-05,7618,4.97,0.06,4.9,95.2,99.0
2024-06,7580,4.95,-0.02,4.94,95.0,99.0
2024-07,7297,5.07,0.12,4.99,94.8,98.9
2024-08,7452,4.9,-0.17,4.97,95.4,99.1
2024-09,7923,4.84,-0.06,4.94,95.4,99.0
2024-10,8695,4.8,-0.04,4.85,95.9,99.2
2024-11,8725,4.79,-0.01,4.81,95.8,99.1
2024-12,9299,4.77,-0.02,4.79,95.7,99.1
2025-01,10127,4.89,0.11,4.82,95.0,99.0
2025-02,9035,4.83,-0.05,4.83,95.6,99.0
2025-03,9642,4.74,-0.09,4.82,95.6,99.2
2025-04,8603,4.55,-0.19,4.71,96.1,99.3
2025-05,8414,4.42,-0.13,4.57,96.0,99.3
2025-06,8131,4.33,-0.09,4.43,96.1,99.2
2025-07,7934,4.12,-0.21,4.29,96.6,99.5
2025-08,7961,4.02,-0.1,4.16,96.8,99.6
2025-09,8073,3.74,-0.28,3.96,97.2,99.5
2025-10,8682,3.52,-0.22,3.76,97.7,99.7
2025-11,8623,3.33,-0.2,3.53,98.0,99.9
