member_id,age,gender,state,plan_type,metal_tier,approved_claims,distinct_providers,approved_spend,pct_of_total_spend,chronic_dx_count,chronic_categories
M105380,65,M,FL,EPO,Silver,536,92,263557.0,0.519,4,"Circulatory,Musculoskeletal,Endocrine"
M104921,52,M,NY,HDHP,Bronze,227,39,129833.0,0.256,4,"Renal,Circulatory,Behavioral Health"
M104326,64,F,CA,PPO,Silver,267,59,126652.0,0.249,7,"Musculoskeletal,Circulatory,Behavioral Health,Respiratory,Endocrine"
M102548,62,M,CA,PPO,Silver,291,48,125257.0,0.247,4,"Circulatory,Respiratory,Musculoskeletal"
M107382,65,M,GA,HDHP,Bronze,176,39,109116.0,0.215,4,"Musculoskeletal,Endocrine,Respiratory,Circulatory"
M101469,65,M,CA,PPO,Silver,146,30,108984.0,0.215,4,"Circulatory,Endocrine,Musculoskeletal"
M105001,64,M,FL,PPO,Gold,261,46,106832.0,0.21,3,"Endocrine,Circulatory"
M106448,65,M,NY,HDHP,Bronze,176,45,103907.0,0.205,5,"Circulatory,Endocrine,Musculoskeletal,Respiratory"
M103509,61,F,IL,PPO,Bronze,238,48,100550.0,0.198,0,
M107603,57,F,GA,PPO,Silver,223,43,97278.0,0.192,4,"Circulatory,Respiratory,Endocrine"
M107185,52,F,WA,EPO,Gold,221,56,92055.0,0.181,6,"Musculoskeletal,Circulatory,Endocrine,Behavioral Health"
M100822,62,M,CA,HMO,Silver,186,39,88691.0,0.175,6,"Circulatory,Respiratory,Endocrine,Behavioral Health"
M107789,61,M,NY,HDHP,Bronze,210,42,88607.0,0.174,3,"Circulatory,Endocrine"
M104619,62,F,FL,HMO,Bronze,79,25,87874.0,0.173,2,Circulatory
M109791,52,M,NC,HMO,Platinum,134,41,87810.0,0.173,3,"Circulatory,Musculoskeletal"
M108410,65,F,IL,PPO,Gold,120,28,87311.0,0.172,5,"Oncology,Musculoskeletal,Endocrine,Circulatory"
M107475,63,M,CA,HDHP,Bronze,114,27,85463.0,0.168,6,"Musculoskeletal,Circulatory,Respiratory,Endocrine,Behavioral Health"
M105875,65,F,NC,HDHP,Bronze,272,60,84344.0,0.166,4,"Behavioral Health,Endocrine,Circulatory"
M107847,53,M,FL,HDHP,Bronze,119,27,82424.0,0.162,5,"Circulatory,Endocrine,Musculoskeletal,Behavioral Health"
M106664,62,F,CA,HMO,Platinum,94,27,81369.0,0.16,6,"Circulatory,Musculoskeletal,Endocrine,Respiratory,Behavioral Health"
M100106,57,F,NY,EPO,Gold,232,33,76078.0,0.15,7,"Renal,Endocrine,Respiratory,Circulatory,Musculoskeletal"
M109496,65,F,FL,HMO,Gold,44,16,76021.0,0.15,4,"Musculoskeletal,Endocrine,Circulatory"
M108983,65,M,CA,HMO,Bronze,136,26,75613.0,0.149,5,"Respiratory,Circulatory,Endocrine"
M108726,54,M,FL,PPO,Gold,113,31,73607.0,0.145,6,"Endocrine,Musculoskeletal,Respiratory,Circulatory"
M101829,37,F,FL,PPO,Bronze,232,47,73067.0,0.144,4,"Respiratory,Circulatory,Endocrine,Behavioral Health"
M103245,65,M,FL,EPO,Silver,215,44,71940.0,0.142,5,"Endocrine,Musculoskeletal,Respiratory,Circulatory,Behavioral Health"
M100706,52,F,TX,PPO,Silver,204,44,71813.0,0.141,8,"Renal,Endocrine,Behavioral Health,Musculoskeletal,Circulatory,Respiratory"
M101095,63,F,NY,HDHP,Bronze,102,32,70988.0,0.14,5,"Circulatory,Endocrine,Musculoskeletal,Behavioral Health,Respiratory"
M101413,60,M,AZ,HDHP,Bronze,163,46,70335.0,0.139,4,"Circulatory,Musculoskeletal,Endocrine"
M102059,62,F,TX,HMO,Bronze,139,35,70039.0,0.138,4,"Circulatory,Respiratory,Musculoskeletal"
M104594,65,F,AZ,EPO,Silver,187,37,69496.0,0.137,6,"Behavioral Health,Circulatory,Respiratory,Endocrine"
M107394,65,F,NY,PPO,Gold,170,42,68906.0,0.136,4,"Behavioral Health,Musculoskeletal,Circulatory,Endocrine"
M101500,53,M,CA,HMO,Gold,47,18,68789.0,0.135,3,"Endocrine,Circulatory,Musculoskeletal"
M105343,65,F,FL,PPO,Silver,223,38,68776.0,0.135,4,"Endocrine,Circulatory,Respiratory"
M100331,65,M,WA,PPO,Gold,117,26,68729.0,0.135,3,"Circulatory,Respiratory,Musculoskeletal"
M109337,46,M,TX,PPO,Bronze,124,29,67294.0,0.133,5,"Endocrine,Behavioral Health,Musculoskeletal,Respiratory,Circulatory"
M101844,62,M,TX,HDHP,Bronze,258,53,67224.0,0.132,6,"Musculoskeletal,Endocrine,Circulatory,Behavioral Health"
M101860,64,F,NY,PPO,Bronze,111,24,66365.0,0.131,7,"Musculoskeletal,Endocrine,Renal,Circulatory,Behavioral Health"
M100631,64,M,FL,HDHP,Bronze,108,28,66260.0,0.13,8,"Circulatory,Musculoskeletal,Endocrine,Respiratory,Behavioral Health"
M102891,65,M,WA,HDHP,Bronze,64,23,63915.0,0.126,4,"Respiratory,Circulatory,Endocrine"
M104368,65,M,CA,PPO,Silver,228,43,63482.0,0.125,4,"Circulatory,Endocrine,Behavioral Health"
M102529,62,M,FL,HMO,Bronze,126,33,62901.0,0.124,6,"Musculoskeletal,Endocrine,Circulatory,Behavioral Health"
M109929,63,F,IL,HDHP,Bronze,277,47,62885.0,0.124,5,"Endocrine,Circulatory,Behavioral Health"
M108197,63,F,NC,HMO,Silver,115,32,62363.0,0.123,5,"Oncology,Endocrine,Respiratory,Circulatory"
M106855,52,F,IL,EPO,Gold,108,29,61460.0,0.121,2,Circulatory
M105999,52,F,CA,EPO,Gold,152,32,60464.0,0.119,2,"Circulatory,Musculoskeletal"
M107152,58,M,CA,EPO,Silver,156,40,60187.0,0.119,5,"Circulatory,Endocrine,Musculoskeletal,Behavioral Health"
M101300,65,F,CA,PPO,Bronze,91,27,59878.0,0.118,5,"Musculoskeletal,Circulatory,Endocrine"
M106085,65,F,AZ,HMO,Silver,146,35,59855.0,0.118,5,"Behavioral Health,Oncology,Endocrine,Respiratory"
M101213,56,F,NY,HDHP,Bronze,91,25,59717.0,0.118,5,"Behavioral Health,Musculoskeletal,Circulatory,Renal,Endocrine"
