month,claims,billed,approved,member_months,approved_pmpm,mom_change_pct,yoy_pmpm_change_pct,rolling_3m_approved
2024-01,9569,5640522.0,2328882.0,9582,243.05,,,2328882.0
2024-02,8723,4653046.0,2057060.0,9607,214.12,-11.7,,2192971.0
2024-03,8224,4292877.0,1974147.0,9631,204.98,-4.0,,2120029.0
2024-04,7689,4325759.0,1888191.0,9658,195.51,-4.4,,1973132.0
2024-05,7945,4643957.0,2132827.0,9681,220.31,13.0,,1998388.0
2024-06,7218,4110402.0,1890059.0,9711,194.63,-11.4,,1970359.0
2024-07,7361,4589859.0,2051562.0,9734,210.76,8.5,,2024816.0
2024-08,7794,4408232.0,1963554.0,9758,201.23,-4.3,,1968392.0
2024-09,8022,4619185.0,2007099.0,9786,205.1,2.2,,2007405.0
2024-10,9072,5072345.0,2285119.0,9807,233.01,13.9,,2085257.0
2024-11,8639,5374423.0,2384655.0,9820,242.84,4.4,,2225624.0
2024-12,9661,5564847.0,2533468.0,9854,257.1,6.2,,2401081.0
2025-01,10513,6490238.0,2816035.0,9880,285.02,11.2,17.3,2578053.0
2025-02,9023,5321827.0,2390048.0,9914,241.08,-15.1,12.6,2579850.0
2025-03,9039,5055186.0,2246240.0,9935,226.09,-6.0,10.3,2484108.0
2025-04,8392,4835446.0,2250094.0,9873,227.9,0.2,16.6,2295461.0
2025-05,8369,5170605.0,2421588.0,9831,246.32,7.6,11.8,2305974.0
2025-06,7798,4840480.0,2198720.0,9783,224.75,-9.2,15.5,2290134.0
2025-07,7846,4866957.0,2264685.0,9713,233.16,3.0,10.6,2294998.0
2025-08,7681,4785355.0,2096643.0,9636,217.58,-7.4,8.1,2186683.0
2025-09,8304,4538104.0,2100956.0,9561,219.74,0.2,7.1,2154095.0
2025-10,8840,5286100.0,2317619.0,9484,244.37,10.3,4.9,2171740.0
